Team,ADJOE,ADJDE,BARTHAG,REC,Wins,Total Games,EFG%,EFGD%,FTR,FTRD,TOR,TORD,ORB,DRB,?,2P%,2P%D,3P%,3P%D,Blk,BlkD,Ast,AstD,3PR,3PRD,?,?,?
UC Santa Barbara,106.94981352254,104.09889548792,0.57705873874396,6–4,6,10,56.3,46.3,27,26.6,18.9,16.6,29.7,25.7,67.4,55.5,47.5,38.2,29.7,7.9,7.7,52.8,44.7,45,39.6,66.4,75.7,73.1
Arkansas Pine Bluff,100.34131993229,125.49133686168,0.070957045983203,1–10,1,11,50.9,61.2,25.9,37.1,23,14.3,23.2,41.9,73.9,55.5,66.5,29.5,36.9,5.2,8.1,46.6,65.4,41.3,48,74.5,66.5,70.6
Toledo,108.07573049733,113.84899225599,0.35469412301319,5–5,5,10,49.9,55.2,32.7,25.4,13.5,16.1,24.7,31.9,70.9,49.3,57.3,34.2,34.6,7.5,9.2,47.4,44.1,30.7,38.3,72,71.4,69.8
Indiana,114.29160000319,99.138808989481,0.83694477335601,8–3,8,11,54.7,48.2,36.7,26.9,19.1,17.3,33,29,70.8,56.7,48.4,33.7,31.8,10.5,6.5,58.9,55.4,32.2,38.1,71.8,74.8,68.1
Louisiana,102.35650337937,114.08972082005,0.22304340400476,2–9,2,11,47.3,54.8,30.1,45.2,17.3,18.9,25.7,36.6,67.2,46.2,54.6,32.7,36.8,8.2,10.5,50,47.8,40.1,35.2,68.9,69.9,72.1
Central Michigan,102.22408460208,104.05533514833,0.44912951683908,2–5,2,7,48.9,52.4,31.2,38.9,21.5,17,30.9,27.1,69.7,52.4,53.3,29.5,34.2,8.4,10.2,56.2,57.1,43.5,46.2,71.3,72.6,70.3
Brown,106.30513392792,105.27047721283,0.52808952964096,7–3,7,10,54.2,46.1,30.7,27.7,17.3,18,31.8,32.8,65.7,54.8,45.8,35.6,31.3,13.7,10.7,55.5,39.6,42.4,31.6,65.9,64.8,71.4
Wright St.,109.76885531154,108.46139191162,0.53439546403862,5–6,5,11,56.7,52.8,26.6,29.8,16.8,13.7,20.6,25.1,68.2,54.9,53,39.7,35,7.7,9.1,51,52.3,39.2,36.2,68.2,72,67.7
UC Irvine,102.09164429204,89.016703862497,0.82864277584198,8–1,8,9,50.8,43.1,33.3,23.1,19.9,18,28.5,22.9,69.8,50.6,42.8,34.1,29.1,8.3,7.4,63.9,45.1,32.7,32.6,71.6,83.8,71
Montana,106.87839162124,109.62231415363,0.42763256456947,4–5,4,9,51.7,53.4,35.3,33.3,19,15.1,24.7,32.5,70.8,56.1,55.8,30.3,32.6,8.6,10.5,48.5,49.1,41.3,34.8,70.7,73,78.9
UAB,110.39220824153,110.46401004795,0.49813064589711,5–6,5,11,50.3,50.1,32.7,31.2,14.9,16.6,38.3,29.9,72.3,51.6,50,31.4,33.6,9.9,9.1,48.7,47.2,30.1,37.1,71.8,71.9,76.7
Tulane,103.62927263545,105.91658080808,0.4375607402986,4–7,4,11,48.4,47.5,33,36.1,16.2,18.5,29.6,29.5,68.6,47.9,45.6,32.7,33.2,16.3,10.6,59,65.1,42.5,44.1,68.1,77.3,75.1
FIU,96.586900462963,102.93422268519,0.32476893294904,2–7,2,9,46.3,50.3,36.2,40.2,17,19.9,29.1,29.3,70.5,48.8,54.5,27,28.3,10.3,7.5,49.6,58.4,30.4,35.3,71.1,69.1,71.7
BYU,117.4059727529,99.222596346866,0.87381593551552,8–2,8,10,56.7,49.5,27.2,29.3,16.4,19.1,37.6,18.5,68.6,59,46.1,36.1,35.8,13.7,6.3,S,53.5,47.5,44.3,69.3,68.2,69.6
Illinois Chicago,105.55556881313,108.20301010101,0.42925925508959,4–4,4,8,48.8,53.4,33.5,34.6,21.5,15.3,37.8,27.5,70.4,49.7,50.9,31.6,38.8,8.6,11.8,55.5,55.2,39.8,33.6,71.3,72.1,65.9
Xavier,112.15731510616,100.66351420694,0.77614995107738,8–4,8,12,54.9,48.2,35.9,32,16.4,17.2,29.2,24.8,69.6,50.9,45.9,40.7,35.2,7,13.3,64.1,56.5,38.6,33.9,70,78.5,70.9
Charlotte,108.17610175439,112.33029064327,0.3933253623773,5–4,5,9,48.5,52,52.1,34.4,13.9,15.1,28.7,33.7,65,50.5,55.4,30.2,30.3,6,11.4,57.8,49,37.6,34.8,64.9,72.2,64.8
Canisius,99.897456067851,121.08987431849,0.098636135455171,0–12,0,12,48,56.5,20.7,31.9,19.1,14.4,19.9,34.6,66,46.8,59.4,33.1,34.9,7.1,10.7,49.4,58,43.2,41.3,66.9,80.9,73.5
Wake Forest,101.35948404043,96.381514849401,0.64086689475517,9–3,9,12,48,45.5,33.9,26.4,17.7,21.5,29.4,31.5,67.7,54,44.2,26.6,31.3,15,4.7,52.4,55.3,42.8,45.2,66.9,72.9,77
Florida Atlantic,114.27136172249,107.11270143541,0.67786683494526,6–5,6,11,55.7,52.2,38.1,31.9,16.2,19.3,26,29.8,72.8,55.7,46.9,37.1,39.8,10.3,8.4,57.7,55.3,41.5,41.6,73,70.8,73.4
Northeastern,101.98687894737,100.97363289474,0.52867464308669,8–4,8,12,51.9,47.2,31.3,30.6,18.5,17.3,29.3,28.1,69.4,53.4,46.4,32.4,32.4,12.3,11.2,51.9,48.8,31.6,35.4,70.5,66.8,65.7
Robert Morris,95.668890905807,101.54154567486,0.33512157393534,6–5,6,11,45.7,51,36.9,33.8,19.9,18.3,31.8,21.7,70.7,46.2,52.3,30,32.4,10.8,9.6,51.7,48,37.2,36.4,70.4,74.8,76.2
Seattle,109.16182286923,109.20477690969,0.49886894188564,2–7,2,9,48.5,58.5,45.8,35.1,18.6,18.1,31.7,24.5,68,44.9,61.2,35.6,36.5,3.9,8.4,52.5,57.7,42.2,41.9,67.2,73.9,69.4
Villanova,122.51000328365,107.84326782222,0.81251080177657,8–4,8,12,58.3,49.7,28.9,32.7,17.5,16.7,37.5,28.4,64.2,56,47.5,40.6,35.2,7.6,6.9,50.6,57.4,46.4,41.7,65.8,80.1,68.7
Howard,104.269214078,112.03327552291,0.30450687646962,3–7,3,10,52.2,55.5,27.8,35.9,20.6,15.7,25.6,29.7,69.1,49.6,60.1,38,32.8,3.6,8.1,57.3,45.2,35,41.8,69.1,75.5,74.9
Utah St.,115.63513005761,99.371707662762,0.85107813344007,9–1,9,10,52.6,50.1,39.4,27.5,16.9,22.7,40.8,28.5,69.9,56.1,53.2,31.4,30.8,11.1,11.3,59.2,54.1,38.3,43.9,70.9,75.7,66.5
Marist,101.93736081871,109.58059532164,0.30333420321565,7–2,7,9,52.6,50.7,22.5,32.6,16.8,17,29.3,26.3,65.1,53.1,51,34.6,33.5,8.5,6.8,49,45,38.8,37.7,65,67.2,73.1
Portland St.,106.16104035088,113.45359766082,0.31777359267836,4–5,4,9,50.3,55.2,36.6,36.5,17.6,18.9,34.6,32.9,71.9,51.6,51.5,31.7,40.8,16.2,9.2,49.4,56.2,33.6,38,71.6,64.5,77.7
Denver,100.70053415699,111.93320176996,0.22861671151971,3–8,3,11,48.5,52.9,31,44.8,18.1,17.1,25.9,31.1,68.4,48.7,59,32,28.5,4.1,10.5,46.9,54.1,39.5,37.7,67.6,77.6,76.7
Cal St. Northridge,103.58449022246,103.83265057515,0.49312095101227,6–4,6,10,51.4,48.4,39.3,49.9,18.8,20.2,32.8,25.1,73.6,51.8,46.5,33.7,33.3,14.5,6.9,53.2,63.2,30.9,54.2,73.4,71,76.3
Maryland,118.66478147136,91.807442641026,0.9503109966223,9–2,9,11,57.4,44.5,31.4,25.6,13.1,22.1,33.7,23.6,70.9,59.3,45,36.4,29.2,12.9,4.5,49.7,47.1,39.3,39.7,71.4,73.6,66.5
Rice,101.73384128788,102.96213333333,0.46555098671823,8–3,8,11,48.6,44.5,53.4,36.9,20.4,16.8,33.2,30,67.1,48.2,45.5,32.8,28.6,9.2,8.9,52.9,43.1,41.6,37.9,67.5,70.2,67.8
Abilene Christian,101.80553143701,106.9800543464,0.36120298526187,4–5,4,9,48.8,56.7,46.5,56.5,18.4,21.3,27.5,26.2,68.2,50.7,52.5,29.2,43.2,8.1,7,52.4,51.6,27.5,34.3,68.1,71.8,70.9
Rider,97.978056588779,110.04450807274,0.20823033792413,4–7,4,11,46.3,51.8,35.2,26.1,20.1,16.6,34.3,33.7,65.2,48.7,51.6,27.4,34.7,7.8,10.7,49.8,54.2,31.5,42.3,64.6,66,68
Boston College,103.61992621913,104.41920536465,0.47792295407413,7–4,7,11,47.8,48.8,32.5,38.4,17.6,16.9,33.2,25.9,67,46.7,47.3,33.5,34.2,12.2,8,46.7,52.7,32.8,39,67.4,72.9,71.2
Arizona,114.86415884615,94.6804876205,0.90223303318497,5–5,5,10,52.6,48.2,38.7,31.5,17.7,19.7,40.7,26.1,72.2,56.3,45.6,30.2,34.2,11.3,5.9,53.8,58.2,33.5,46.4,72.5,73.9,70.1
Penn St.,116.21427499763,95.85950559467,0.90153063736211,9–2,9,11,58.7,48.4,38.1,31.4,16.1,23.9,31.6,26.6,73.9,60.2,47.5,37.5,33.2,12.9,6.4,60.6,60.6,37.8,38.4,73.8,73.6,67.5
Hawaii,103.78134285714,107.97667142857,0.38799848343176,4–3,4,7,53,48.8,45.3,45.8,20.3,13,32.9,22.8,67.1,56.7,47,31.2,36.1,7,9.9,45.1,38.2,37.2,25.3,66.6,69,74.4
San Diego,92.537007847399,104.90211449469,0.19118653122034,2–8,2,10,44.7,50.2,29.7,37.9,20.5,20.2,28.7,32.8,72.2,47.6,49.3,26.4,34.4,12.8,11.5,50,51.2,36.5,37.3,73.1,69.8,67.6
UC Davis,96.19510702381,98.342787517007,0.43685687139058,6–4,6,10,47.9,48.5,44.6,38.3,21.3,22.8,26.2,32.9,72.3,46.3,50.4,33.7,30.3,11.3,7.6,45.6,52.2,37.2,38.5,72.6,72.3,74.5
LSU,109.10456120771,96.756653146987,0.79918966528595,9–2,9,11,53.4,43.2,36.1,27.8,19.1,18.4,36.1,33.6,70.4,56.3,43.6,32.9,28.3,12.9,9.9,49.8,43.4,41.3,35,69.8,75.2,68.8
Fresno St.,93.43777174834,101.92982931599,0.26886809096245,4–7,4,11,43.5,51.3,35.8,23.2,17,20.4,27.7,33.7,75.1,45.9,53.4,26.3,32.1,7,9.4,40.8,47.3,35.8,39.2,75.6,67.8,68.8
UMKC,98.616131281686,108.2379675616,0.25528527446233,3–7,3,10,47.4,54.1,31.4,34.8,19.7,18,29.6,29.8,67.4,47.1,59.1,31.8,31.5,8.4,7.1,54.3,48.5,46.8,42,66.6,76.6,70.8
Baylor,123.07899893927,102.11917202953,0.8953776349104,7–3,7,10,56.6,54.2,27.4,36.4,15.5,22,39,30.1,67.3,56.4,50.6,38,39.5,9.9,11.4,56.2,61.8,40.1,41.7,67.2,68.8,68.2
Oral Roberts,100.99347193854,115.16860435275,0.18087582586547,1–7,1,8,46.6,57.6,31.4,36.8,18,14.9,23.5,34.2,68.7,44.7,59.9,32.5,36.1,5.4,13,42.1,63.6,45.9,40.6,70,78.3,68.8
Ohio,109.20381674641,107.51642296651,0.5446514004778,5–6,5,11,52.3,54.4,32.3,40.4,15.9,19.6,25.8,29,71.2,52.9,49.3,34.4,43.5,8.2,8.5,52.5,50,42.7,31.8,71.6,77.5,67.3
Winthrop,102.2083,104.35893,0.44041741508343,6–4,6,10,48,51,52.3,38.8,18.8,22.2,33.8,33.3,75.1,53.4,50.1,26.7,34.8,10.6,14.3,40.2,48.3,40.3,41.4,74.7,66,67.5
Northern Illinois,90.043748465027,110.83123594101,0.084038484072273,1–8,1,9,42.6,55.3,33.2,43.3,16.7,17,17.4,31.1,70.6,42.6,52.5,28.3,40.2,10.1,9.4,54.1,51.4,48.2,36.7,71.1,74.1,74.4
Georgia Tech,104.90332594091,100.62319414167,0.61752327609281,5–6,5,11,49.3,48.4,33,37.2,16,14.9,30.3,25,72.8,49.5,46,32.6,34.9,8.8,7.9,55.9,49.8,38,38.4,71.8,68.6,71.3
Kent St.,100.71396569292,96.542495209198,0.6192730407924,7–2,7,9,44.7,45.9,29.3,40.1,16,20.1,35.4,25.8,64.6,45.5,45.6,29,30.9,11.1,8,48.3,65.5,41.3,41.9,65.5,77.1,76.1
Marquette,118.8606915,95.738068540301,0.92328676223605,10–2,10,12,54.1,50.5,27.2,28.9,13.1,23.2,31.9,29.3,69.3,58.9,52.7,32.5,31.6,10.9,5.9,50.3,61.6,46.6,40.6,69.5,74.4,71.2
Weber St.,104.29227317179,111.51159621635,0.31654182613619,3–6,3,9,49.3,52.1,33.9,43.7,16.6,16.1,28.5,31.7,66.1,50.8,49.1,31.3,38.3,7.2,10.1,40.2,57.7,39.6,36.4,66.9,70.9,71.4
Maine,99.827517287216,103.48928723855,0.39788661981332,6–5,6,11,49.8,51.5,24.8,32.1,16.8,21.6,24.3,32.8,67.7,51.4,51.7,30.9,34,5.9,6.2,51.1,53.5,30.8,38.7,68.9,80.1,72.3
Radford,106.67369883573,108.72027194704,0.44558095404528,8–4,8,12,48.9,51.2,43,36.7,18.4,16.5,35.6,28.4,66.4,48.5,49.1,33.1,35.9,9.6,9.4,44.9,58.4,36.2,44.8,65.6,71.9,73.5
Kansas,116.47367861351,92.966971048734,0.93036708666953,8–2,8,10,55.7,46.5,20.2,34.7,15.6,17.7,28.5,23.5,69.9,57,46.3,35.4,31.2,13.1,6.3,61.3,49.6,33.5,40.7,70.2,71.4,73.6
SMU,114.85568266038,100.19736307334,0.8278045853602,9–2,9,11,53.8,45.9,40.8,33.4,16.4,18.4,39.8,27,71.1,53.5,42.4,36.3,33.8,12,9.6,56.4,59.1,35.5,41.2,71.6,73.6,74.3
Richmond,101.06885262129,108.42302687727,0.30837171583407,2–7,2,9,47.8,53.2,40.8,41.1,15,13.7,19.1,23.9,67.7,51.3,53,29,35.6,6.4,8.9,46.1,53.7,45.3,48.1,68.2,76.7,72.5
Providence,106.15987908911,100.02350068992,0.66479189115279,7–5,7,12,51.3,44.4,34.8,34.9,18.4,15,34.5,27.3,64.9,52.2,43.8,33.6,30.4,8.3,9.2,53.8,44.8,49.7,33.5,64.8,67.8,68.8
Louisville,111.66075143009,97.079205104853,0.83331249474334,6–5,6,11,50.1,51.4,36.7,31.4,17.7,21.3,34.7,28.8,70.1,59.4,50.3,28,35.5,8.7,9.6,50,48.7,53.3,39.5,69.4,70.7,68
Davidson,114.28742644946,105.79699959936,0.70842265915942,7–3,7,10,53.2,51.3,31.2,31.7,14.7,15,27.7,28.9,67.5,53.5,48.9,35.2,37.1,7.7,10,58,44.4,42.1,35.2,67.3,73.8,70.8
North Florida,114.58715802319,114.47930233557,0.50270735483363,5–5,5,10,53.6,54.8,23.3,29.8,13.6,14.6,29.1,33,73.1,55.5,54.3,34.6,37.1,5.8,14.2,50.3,55.7,53.5,32.2,73,64.2,63.5
Missouri St.,104.18837660819,105.36754736842,0.46768950798246,4–5,4,9,49.3,55.6,40.5,41.1,18.8,20.5,35,27,67.9,45.1,56.5,38.5,36.1,6.7,12.3,47.2,52.3,33.3,36.9,67.3,68.8,70.6
Vanderbilt,117.67102082693,101.1418031279,0.85078184158631,10–1,10,11,55.2,49.4,35.5,30.4,12.6,22.8,32.2,29.3,70.7,60.5,46.5,31.9,36.4,11.8,9.8,50,48.5,41.9,36,72,73.8,68.4
Washington St.,111.74496927225,99.709809432136,0.7875941790492,9–3,9,12,56,48.9,34,32.4,20.9,16.6,34,30.1,73.5,59,49.6,34.8,31.9,15.6,9,56.8,47.1,44,37.3,72.8,70.5,66.1
Akron,113.66422706767,111.4499481203,0.55632022796867,4–3,4,7,52.2,54.7,26.2,32.7,16.6,19.5,34,33.2,72.6,48.4,54.6,37.9,36.6,7,8.6,62.4,49,45.5,37.1,73,70.7,69.7
Bowling Green,104.30194389509,111.99479154705,0.30611036402838,3–6,3,9,52.4,52.7,29.1,32.6,15.7,17.6,24,31.2,70.2,52.7,53.5,34.6,34.3,6.6,13.1,44.6,57.9,40.9,37.6,70.8,80.5,79.3
Memphis,116.32877320574,100.38086937799,0.84496719604277,9–2,9,11,53.6,50.9,45.6,33.6,19.5,18.9,33.2,32.7,69.7,48.8,48.8,41.9,35.7,12,12.1,49,60.8,34.6,44.2,70.9,73.9,73.8
Central Arkansas,95.327682242441,111.60301991476,0.14030965424971,2–8,2,10,44.1,56.4,29.8,24.5,17.5,19.2,27,31.4,68.8,46.8,55.8,27.5,37.9,7.5,15.4,58.5,64.2,49.2,56.6,67.9,71.6,71.3
Murray St.,108.43324870351,103.4181675516,0.63287541673402,5–4,5,9,52.5,48.7,44.6,34.2,17.2,15.8,27.1,26.7,68,51.4,50.8,36.3,29.3,7.9,10.2,49.3,31.4,36.8,32.1,66.1,70.1,70.8
American,102.69163515461,109.41894932675,0.32525741358897,4–5,4,9,50.6,53.3,31.3,42.1,20.2,16.5,26.4,31.2,65.6,51,54,33.5,34.5,7.3,10,49,40.9,45.5,30.3,65.3,74,73.8
Notre Dame,111.67053869494,102.87473657412,0.71979993096299,6–5,6,11,54.3,48.4,27.3,25.8,15.9,14.3,27.7,26.9,66.6,55.2,50.9,35.3,29.9,5.9,9,45.7,58.4,39.1,41.7,66.6,73,72.7
Creighton,109.74275867227,97.099304684952,0.80339594378883,7–5,7,12,55.1,45.6,29.6,18.5,19.6,12.9,24.9,27.8,70.9,60.1,44.6,33.6,31.4,11.3,10,63.8,41.6,51.7,36.6,70.7,77.3,72
Duke,116.95146254594,84.994991978929,0.97516654682295,9–2,9,11,54,41.2,29.9,25.1,15.5,20.3,34.4,27.2,67.5,55.4,40.5,35,28.1,10.6,7.8,57.4,55.1,48.1,40.4,67.6,73.9,78
Indiana St.,109.07729947368,112.52770526316,0.41140975118328,6–4,6,10,59.1,51.4,29.6,39.4,21.2,16.8,26.5,28,74,61.3,52.1,38,33.5,5.2,10.6,55.6,40.7,51.4,37.3,73.9,74.6,70
UCLA,109.79247199821,87.068633057306,0.93503866482443,10–1,10,11,54,45,34.4,33.2,16,27.1,35.2,28.1,68.1,55.1,46,34.7,29.1,9.6,5.1,57.9,59.5,34.2,41.7,67.9,69.5,69.9
Pacific,97.847021375219,104.33815334987,0.32329587059782,3–8,3,11,45.6,50.2,35.9,36.7,18.9,14.5,30.6,25.9,68.8,49.4,50.1,26.5,33.6,7.7,8.8,53.1,57.1,38.8,36.5,69.1,74,74.2
Texas A&M,112.60381863484,92.536983059398,0.90525892296518,9–2,9,11,47.4,45.7,42.4,30.8,18.7,20.8,43.7,30.4,68.2,47.9,46.7,31,29.7,13.6,14.2,50.7,61.6,38.1,47.3,68.2,69.6,74.1
North Texas,104.77385925031,90.697449239918,0.84012565852666,5–3,5,8,49.9,48.2,36.2,48.3,17.5,25.7,31.6,26.3,62.7,46.8,50.3,36.3,30.4,9.2,9.5,48,55.1,40,45.2,65,74.3,70.3
Nevada,116.53309263001,100.91129941413,0.83959717228465,8–3,8,11,58.4,47.8,39.1,34.2,16,18,29.8,28.3,65.8,55.7,46.5,41.9,33,10.8,9.3,59.5,55.9,38.3,43.8,64.5,69.8,70.7
UTSA,104.20612361534,109.88019190156,0.35212154608676,4–5,4,9,48.3,52.6,29.8,43.9,18.8,19.5,30.4,36.4,71.3,46.2,52.4,34,35.3,9.5,13.9,43.2,58,43,38,72.6,82.4,68.1
Mississippi Valley St.,85.57374583069,122.25008794235,0.016271438571435,0–9,0,9,38.3,61.6,26.4,45,27.2,13.9,22.4,41.5,64.9,39.3,65.5,23.6,38,4.7,11,39,61.3,25.2,45.2,65.2,70.4,72.8
Gardner Webb,105.18573292294,109.70551414541,0.38134871782961,4–8,4,12,53.9,51.6,36.5,33.5,23.8,15.3,33.5,31.6,70.6,55.5,53.6,33.8,32.2,9.2,7.6,42.1,53.2,32.6,37.8,70.8,68.6,74.3
Prairie View A&M,108.2217267361,123.17342923247,0.18418770961793,0–10,0,10,48.5,61.5,36.5,45.5,15.3,18.1,24.2,43.4,75.1,47.6,62.7,33.5,39.6,6.8,11.1,46.4,60.2,32.5,36.1,73.7,74.2,73.6
Chattanooga,107.73983603857,110.67077224964,0.42344077664166,6–4,6,10,52.4,52.5,33.1,30.3,16.6,16.5,26.4,29.6,68.6,57.8,52.1,31.2,35.4,3.6,10,59.8,50.2,49.1,37.9,68.1,77.1,68
Georgia Southern,100.25401982662,103.53211089974,0.40853896975623,6–5,6,11,49.8,51.5,30.1,46.3,20.6,19.7,31.4,30.1,74.1,50.8,56.5,32.3,30.4,9.2,9,46,53,42.4,45.8,73.3,65.1,72.6
Northern Arizona,105.05358483581,113.37003373158,0.29397719427835,4–4,4,8,50.2,53.6,28.9,37.8,15.5,12.9,34.7,26.3,67.6,52.4,50.2,31.4,39.6,4.8,8.6,53.2,51.9,41.3,36.9,67,64.3,71.7
Nebraska,109.59574185508,94.831533941655,0.84077557889053,7–2,7,9,52.2,48.2,44.2,29.1,16,21.3,28.2,28.9,72.4,54.9,48.4,31.8,32,10.2,7.9,52.9,53.5,37.3,52.6,70.3,75.3,71.3
Yale,116.55615801288,106.18894276685,0.74483683089893,4–5,4,9,54,49.8,34.9,41.2,15.2,15.5,32.5,26.3,68.9,52.9,47.6,37.5,34.9,10.4,8.8,60.9,55.5,32.7,46.9,69.2,73.9,78
Tennessee Martin,95.758879552056,108.48564688943,0.19231741290797,1–7,1,8,43.1,52.7,31.1,35,20.9,15.6,32.2,31.4,69.6,47.5,56.2,25.5,32.8,7.9,14.1,44.4,58.8,47.5,50.2,69.2,69.5,67.1
Morehead St.,100.00894216857,114.61214860105,0.17258973691022,2–6,2,8,46.5,53.2,45.7,35.8,20.4,12.7,30,27.7,67.9,45.6,57.8,32.2,31.1,5.4,11.4,49.1,49.8,34.2,40.7,68.5,62.6,76.6
Tennessee,119.9751314534,85.605606876264,0.97979943993381,11–0,11,11,57.1,40,33.8,26,16.7,21.9,40,28,66.8,59.6,43.3,35.8,24.4,19.2,5.7,58.4,47.1,42.3,49.6,67.1,74.5,74.5
Texas St.,107.72898245614,104.82403099415,0.57794899020229,5–4,5,9,50.9,50.2,39.9,43.4,20,16,34.6,29,66.5,48.6,48.8,38.5,34.9,10.6,7.1,52.2,55.6,25.1,38.9,66,78.4,64.5
Jackson St.,93.271850643938,106.59480361619,0.17719933058747,0–10,0,10,41.7,59.4,28.2,27.3,21.9,15.4,26,30.4,72.2,39.6,56.2,30.2,41.9,9.1,11.8,44,69.5,36.1,47.4,71.2,67.9,70.9
Mississippi,116.46642540248,96.685009297982,0.89479310679477,10–1,10,11,54.1,47.2,36.8,37.2,12.9,23.6,30,28.8,68.3,52.6,48.3,37.3,30.6,17.1,10.7,58.3,57.4,42.6,46.2,68.6,73.9,67.9
Wyoming,100.59527989796,103.71822676549,0.41299834303124,4–5,4,9,49.3,48.6,40,38.1,21.8,14.4,34.9,26.9,67.9,50.2,50.7,31.8,29.7,7.8,7.7,44.1,40.9,36.5,35.6,67,65.3,72.2
Minnesota,103.14607863168,101.45506073102,0.54738193451534,6–5,6,11,48.6,48.7,33.4,28.5,16.1,19.2,28.9,30.7,63.1,51.4,48.3,29.1,33,14,9.8,63.9,55.3,36.2,34.1,62.8,63.5,71.2
Illinois,116.26693455685,90.725569515051,0.94545132509627,7–3,7,10,51.6,41.4,39.9,27.7,15.4,14.3,36.4,25.3,72.1,54.7,42.4,32.4,26.4,10.8,8.8,54,42.7,51.6,34,72.6,73.5,61.5
LIU,96.205112943005,109.38321110164,0.18598519825992,2–10,2,12,45.8,52.8,30.7,54.6,19.5,17.4,30.2,31.4,67.8,46,53.8,30.3,34.2,8.3,14.4,43.8,59.3,34.1,41.4,68.6,70.6,73.2
UTEP,106.56355,99.9993125,0.67505745268493,5–3,5,8,50.7,52,39.6,53.8,19.3,26.6,26.7,34.9,68,46.8,52.6,38.7,34.1,14,9.5,49.7,66.3,34.6,43.3,69.9,73.8,76
Loyola Chicago,105.32395286998,99.602275198806,0.65528276435646,8–1,8,9,52.4,47.1,36,35.5,15.5,19.6,32.3,24.4,69.7,53.9,45.7,33.5,33,14.8,9.9,65.6,50,40.3,37.7,69.5,64.1,68.9
Texas,112.28690754196,96.759268178346,0.8470382807349,9–2,9,11,58.5,45.5,37,28.4,13.2,20.5,30.3,27,68.9,57.4,43.3,40.3,32.9,12.3,6.4,51.5,50.8,34.3,35.7,68.7,71.4,65.4
Maryland Eastern Shore,99.494429057959,120.43153844314,0.10008615965036,0–11,0,11,43.8,55.8,35.3,34.2,19.2,12.6,22,37.3,68.6,43.2,61.3,30,32.7,5.3,8.6,37.2,54.9,36.1,45.1,69.1,65.1,72.2
Western Illinois,98.105492315344,115.35223091916,0.1344246991358,4–5,4,9,49,54.2,23.2,33.2,17,13.8,30.8,30.2,64.2,47.3,56.3,34.5,33.9,9,4.8,36.2,45.4,39.8,38.2,64.5,70,73.7
Fairleigh Dickinson,104.6300213351,115.58735769681,0.24133857683036,1–9,1,10,50.8,54.3,28.5,36.5,17.8,15.1,25.1,39.3,71.2,49.3,58.6,35.4,31.1,7.8,9,50.2,50.2,38.6,35.5,71.4,72.8,76.2
Cornell,112.49843176207,107.62623636364,0.62460966944581,6–3,6,9,57.4,49.2,30.1,31.9,17.4,17.1,26.6,34.3,73.6,61,49.5,35.8,32.5,7.5,5.5,65,48.8,50.6,35.5,72.8,72.9,73.5
West Virginia,112.34373962824,93.112010800175,0.89652916398925,8–2,8,10,52.9,43.4,29.6,31.3,16.5,20.3,29,31,68.3,51.8,43.7,36,28.6,16.7,10.5,54.7,45.2,49.8,36.8,66.9,78.9,73.3
Oklahoma,117.62481048406,101.38591319549,0.84664253833841,11–0,11,11,56.3,48.4,36.6,30.1,16.6,21.7,31,33.1,69.2,56.5,54.1,37.4,27.1,6.3,9.8,53.9,43.3,45.4,42.1,68.7,79.8,70
Queens,100.5680281411,108.04600940779,0.30474323133521,5–5,5,10,49.5,52.7,32.7,33.7,19.3,18,28.2,33.9,72.7,50.2,54.8,32.5,32.9,13.1,13.8,59.4,42.8,46.3,37.6,70.6,62.1,60
Southern Illinois,101.9161690845,103.58026401781,0.45357005619492,3–6,3,9,48,51,33.1,31.6,19,15.6,31.9,29,70.2,47.7,48.4,32.5,36.9,8.4,10.2,52.3,53.9,29.4,37.4,70.7,67.8,71.8
San Diego St.,111.77448701979,96.498617316657,0.84422133333062,6–2,6,8,52.3,43.3,26.9,32.6,15.6,16.9,27.5,32.7,67.2,51.1,41.6,36.4,30.2,19.7,7.5,50.2,52,35,44.4,66.2,68.5,72.2
Nebraska Omaha,100.6317624597,108.61155712689,0.29368290381808,3–9,3,12,47.7,54.5,30.3,38.6,18.8,15.6,27,26.3,67.8,46.4,54.7,33.1,36.2,6,10.6,50.2,59.8,39.4,42.1,68.7,72,71.9
Texas A&M Commerce,93.644399650483,108.61548685668,0.15374077503918,2–10,2,12,49.5,55.4,32.8,39.5,25.3,19,28.5,33.2,69.9,53.2,55.7,30.4,36.6,9.9,13.9,53.3,58.2,48.3,37.7,70.2,65.2,69.1
DePaul,111.05977915603,99.834408513293,0.77301081220116,8–3,8,11,57.3,46.5,30.9,27.6,18.8,16.9,31.1,27.7,69.9,54.8,47.5,39.8,29.6,9.7,10.6,66.8,48.9,51.2,31.4,69.4,68.5,67.4
UT Rio Grande Valley,107.76777312604,108.37356192034,0.48388975922449,5–4,5,9,52.2,53.6,23,35.1,18.2,19.4,29.9,30.8,72.8,58.6,58,30.4,30.3,2.3,5.5,51,49.2,49.2,34.9,72.6,76.5,74.2
Chicago St.,90.714087722494,112.68174527897,0.076291868197749,0–12,0,12,41,54.3,26.6,39.8,19.1,17.2,25.1,37.2,71.3,38.9,55.2,29.4,35.3,11.4,10.1,48,60.3,40.1,41.2,71.1,66.5,74.1
South Dakota,113.53081269344,115.62406869044,0.44766651549386,6–4,6,10,50.8,53.5,46,33.5,14.1,17.6,34,37.4,74.5,53.3,52,31.1,37.4,8.5,8.1,43.9,48.2,38,38,75.1,70.2,69.1
Montana St.,108.47756382189,106.98021595547,0.53987604295574,4–7,4,11,53.6,49.2,28.3,35.7,15.5,16.8,22.9,29.7,68,51.7,52.8,37.2,27.7,6.2,10.3,57,48.8,45,31.8,67.8,73.2,80.2
Oklahoma St.,109.1954828368,101.63960696213,0.69521693188199,7–3,7,10,50.1,54.4,41.9,35.1,17.3,21.8,34.4,26.1,72.4,49.1,55.1,34.6,35.7,9.9,10.8,52.5,47.5,34.8,43,73.1,73.6,65.3
Wagner,87.639245238958,101.42161850549,0.1571405341963,4–5,4,9,39.6,50.2,26.2,41.2,20.1,19.6,30.8,26.9,61.3,36.7,50.4,29.6,33.3,5.4,10.2,55.2,58.6,37,44.2,61.8,68.5,66.5
Bethune Cookman,95.542575873545,102.02182999703,0.31982619067944,3–8,3,11,45.1,49.8,26.9,31.8,18.1,18.1,24.4,35.4,69.4,44,48.8,31.5,34.2,10.2,12.4,42.8,54.6,33.9,41,70.5,69.5,74.9
Wofford,106.87633462527,109.00846729241,0.44345266061379,4–7,4,11,50.6,54.3,21.4,39.6,17.8,15.9,34.7,29.3,65.3,53.6,53.5,31.5,36.8,7.9,11.1,58.9,53.1,46.7,43.1,65,66,67.1
Cal Poly,106.81290760041,109.25668371866,0.43532826487595,5–7,5,12,55.5,54.5,29.8,34.1,23.3,18.3,28.7,32.5,77.1,58.5,53.8,35,37,6,11.4,53.9,50,49.5,38.8,77.2,75.2,71.3
Towson,98.702805389693,106.48984005723,0.29457507753395,3–8,3,11,43.1,51.3,29.9,36.8,16,17.5,34,29.2,64.2,43.3,52.4,28.4,33.1,8.5,8.7,40.9,47.9,34.7,40.1,64.1,66,71.4
Delaware St.,94.260949116645,113.09891506658,0.10955918837386,2–6,2,8,43,55,32.1,37.3,17.6,18,32,30.9,70.9,42.5,56.6,30.2,35.6,9.1,8.3,41.5,64.1,17.4,48.2,71.7,68.6,71.8
Norfolk St.,106.41203886876,108.50832336754,0.44414808152207,4–6,4,10,51.4,52.9,38.2,37.1,18.8,18.9,26.8,35.7,67.1,51.9,55.6,33.5,33.7,7.4,10.8,46.8,67.8,30.6,54.1,67.3,77.6,70.2
Vermont,97.149719688204,100.96690622959,0.39097769430626,5–7,5,12,47.2,48.8,31.4,27,19.4,16.8,23.9,30.4,65,47.4,49.6,31.3,31.6,12,12.5,50,38.3,45.2,33.5,65,77.2,73.1
Liberty,109.96887948527,95.670666533116,0.83226775283828,8–1,8,9,59.7,47.2,31.6,26.9,17.4,18.1,24.3,24.8,65.5,59.6,48.5,39.9,29.5,7.3,6.4,58.7,39.2,45.7,31.3,64.8,63.6,73.9
UNC Wilmington,109.79184737374,106.48715929293,0.58697194145294,7–3,7,10,48.5,51.1,45.8,36.1,15,18.1,33,29.1,68.6,52.5,53.5,28.5,31.7,10.6,10,50,46.7,40.8,40.4,68.2,75.4,67.5
Le Moyne,97.468253834791,110.68089563141,0.18817200528554,3–8,3,11,48.6,51.6,35,36.4,19,16.4,23.3,35.6,70.8,52,54.5,29.1,31.8,6.2,10.3,57.5,56.1,40.8,42.7,70.1,72.3,71
Presbyterian,102.18842887284,111.94046707475,0.25956889095855,4–6,4,10,50.9,53.7,30.2,32.6,17.8,17.5,31.1,30.2,66.1,48,52.8,37.5,36.8,8.3,9.8,46.7,52.9,34.5,39.7,67.1,62.3,68.9
Michigan,115.91380035089,95.455781085783,0.90318387022556,8–3,8,11,57.2,45.1,34,27.4,20.8,20.7,37.1,32.8,71.3,62.1,43.5,33.7,32,12.5,6.2,57,37.6,42.3,36.1,71.5,69.9,72.4
Bellarmine,104.97850257081,121.54853093478,0.15637946585673,1–8,1,9,53.9,57.7,30.1,34.6,20,14.9,21.7,29.5,68.8,54,56,35.9,40,4.7,8.3,59,49.8,45.4,43,68.2,80.8,75.1
East Carolina,104.18879,104.88566,0.48084387626929,6–4,6,10,46.9,50.4,37.3,33.4,15.1,19.6,33.2,31.2,65.8,50.5,48.8,26.9,35.3,11.1,8.6,45.8,61.1,35.3,38.9,65.7,74.5,66.8
Northwestern,107.14074851864,93.280630469578,0.8310525480395,8–3,8,11,48.7,47.9,34.3,30.1,13.7,20.1,30.4,24.9,66.5,48.6,49.3,32.7,30.4,9.4,7.7,55.4,64.7,30.3,39,66.1,72,67.8
Eastern Illinois,96.015830254235,105.39760360454,0.25500231871687,1–7,1,8,43.5,54.6,26.9,41.3,18.3,19.2,26.4,32.1,69.3,43.2,56,29.6,35.7,7.7,11,41.8,68.1,28.1,53.9,68.4,62,78.1
Buffalo,98.988108280526,112.6963137661,0.18369438951128,3–5,3,8,51.3,52.2,34.3,25.8,18.8,14.9,20.9,31.1,72,54.6,49.4,31.3,38.3,9.5,11.5,51.2,52.1,42.9,35.3,70.4,68.6,72.4
Northern Kentucky,97.486429811295,105.19873605351,0.29409285937092,4–6,4,10,48.4,53.8,32.9,28.1,18.5,20.9,28.7,31,67.1,51.4,50.1,29.5,39.6,9.3,7.7,57.4,53.5,42.2,39.3,67.2,64.9,71
Valparaiso,106.59821607284,112.82644344853,0.34231030788816,4–5,4,9,46.2,54.9,41.2,38.6,14.8,17.9,29.4,27.9,69.7,46.9,56.1,30.1,35.2,6.2,9.6,45.3,43.2,39.4,35.8,70.4,82.2,69.9
Mercyhurst,97.432592908511,113.99617143889,0.14117718269298,3–8,3,11,47.6,57.7,28.2,39.8,17.8,20.5,22.6,37,64,46.1,55.6,33.5,40.7,7.6,10.4,54.1,58.8,35.5,37.7,64.9,77.4,68.1
Elon,107.03255087719,103.44611988304,0.59675064183246,5–4,5,9,52.2,45.7,38.4,21.1,19.1,11.9,34.2,29.3,66.2,51.4,44.2,35.6,31.7,13.6,11,54.8,63.7,42.4,45.3,66.1,70.2,74.6
Appalachian St.,96.728269575829,100.27513753882,0.3979201009934,4–5,4,9,48.9,46.9,38.2,23.2,20,15,28.9,30.6,66.1,49.1,50.5,32.3,28.2,9.3,10,49,49.8,41.3,43.7,66,62.8,75.8
West Georgia,96.221228391709,112.13607283611,0.14676212819918,1–11,1,12,46.4,55.9,24.2,34.6,18.1,17.3,27.4,32.4,69,47.3,58,29.4,35.6,11.2,8.8,48.7,58.8,29.6,45.9,68.4,67.4,73.2
Cleveland St.,93.527162386766,102.73190323585,0.25359793311452,4–6,4,10,44.9,53.3,31.5,44.1,22,24.5,33.5,34.3,67.6,47.6,53.2,26,35.6,14.7,13.4,44.8,57.7,30.8,38,67.9,74.6,73
Utah Tech,98.922905830354,110.57031714019,0.21753748570123,1–10,1,11,46,53.3,33.9,38.1,16.2,17.7,25.1,38.1,68.5,48.1,56.7,28.6,31.1,7,12.4,53.4,50.3,41,33.7,68,65.4,68
St. John's,117.67419078622,94.103167416983,0.92894346484352,9–2,9,11,53.7,46.3,31.5,31.4,16.7,21.5,40,29.2,71.2,56,43.6,32.8,33.7,17,7.8,53.9,52.5,33.8,38.9,71.2,70,65
Long Beach St.,100.28292659444,110.62582814788,0.24437920450838,3–8,3,11,48.4,52.3,33.2,36.6,22.6,17.3,28.9,35.3,65.3,45.5,52.6,35.5,34.6,6.6,9,50.4,50.2,37.5,36.8,64.7,71.4,66.5
Samford,114.76622966746,109.01560276314,0.64363400242393,7–3,7,10,56.3,53.7,28,37.4,18.3,21.9,33.9,37.6,72.8,54.9,57.3,38.5,32.1,10,8.9,60.2,62.7,47.8,38.7,72.3,69.1,72.1
Eastern Washington,105.49461799796,112.49848438763,0.32317520456158,2–9,2,11,51.3,58.3,30.2,37.2,18.1,20.8,27.1,37.3,69.8,52.8,57.4,32.6,39.8,6.9,7.9,56.1,56.3,38.3,40.2,68.7,75.4,69.4
Kansas St.,110.83109092316,102.67152770778,0.70670486158581,6–4,6,10,55.2,48.8,31.2,27.2,17.8,20.4,34.1,31.2,69.4,54.9,47.2,37.2,34.4,9,8,60.8,53,42,36,69.5,68.1,76.3
Alabama A&M,92.930750037646,118.36568963962,0.058297538157886,1–7,1,8,42,55.9,34.8,46.9,20,20.7,33.3,41.2,71.2,40.8,51.3,29.4,41.3,10.9,9.4,50.3,59.4,36.8,42.5,71.6,64.1,75
Charleston,105.60052760943,102.01579594778,0.59800527212643,7–2,7,9,53,51.1,31.2,29,19,18.6,26.3,29.7,72.2,51.4,53.4,37.1,32.1,7.5,10.9,58.6,59.4,35.8,43.3,72,77.5,67.9
UC San Diego,109.45652625445,97.971422362181,0.78156223845978,9–2,9,11,53.4,52,37.2,34.5,14.5,23.7,25.8,25.2,67.6,54.2,48.5,35,37.4,6.3,10.3,53.6,48.4,49.9,46.5,68.4,72,69.6
Grambling St.,98.393075953545,107.88300177047,0.25752274159302,0–7,0,7,49.5,53.7,29.8,33.7,21.3,16,19,30.1,70.6,45.4,54.1,38.2,35.3,11.3,12,51.2,57.6,34.3,36.5,68.2,66.7,73.8
Texas Southern,99.172964003013,111.13582446165,0.21253569491161,0–9,0,9,43.8,55.7,29.1,41.1,17.7,16.1,25.4,37.4,72.3,42.2,54.6,31.4,37.9,9.3,12.3,56.6,67.1,33.6,49.7,71.6,73.1,75.1
Central Connecticut,98.319309160021,100.01564473684,0.4509777174763,6–4,6,10,49.5,50.3,21.8,21.1,17.8,18.7,25.7,26.5,66.2,52.2,51.7,29.6,32.2,11.9,6.2,50,55.8,34.5,42.7,65.6,72.6,69.4
VMI,99.060277038596,113.20745391723,0.17723776802454,2–6,2,8,47.6,56.9,33.6,26.7,17.4,18.5,26.8,32.6,68.8,48.8,63.1,30.7,33.8,7.5,10.2,53.2,76.6,44.3,49.3,68.7,75.8,66.9
Auburn,134.64244032185,94.143005207186,0.9839329748832,10–1,10,11,59.4,43.9,29.6,32.9,12.9,16.4,35.4,26.3,68.9,61.2,42.6,38,31.2,16.5,4.9,58.5,32.8,43.5,31.9,68.9,76.5,72
New Orleans,95.293881663427,111.80470065897,0.1373398894487,2–7,2,9,44.5,54.2,32.2,29.5,19.5,17.5,30.9,37.2,70.7,44.2,56.3,30.1,34.4,8,12.2,53.3,59.3,35.3,43.3,70.6,67,72.4
Idaho St.,99.627375697143,102.80029034612,0.41082916013159,2–6,2,8,43.5,49.5,36.1,36.1,18.9,16.5,39.4,23.7,67.4,45,48.6,27.4,34.1,14.9,13.1,51.7,59.2,39.7,37.7,66.2,74.6,76.3
Columbia,109.93269413251,107.59309738097,0.56153296246867,8–1,8,9,57.5,50.2,34.8,26.3,17.6,18.7,31.9,28.7,69.6,57.7,48.9,38.2,34.8,5.5,8.2,66.1,62.8,41,39,70.2,72.2,68.3
IU Indy,102.71622764701,118.9601778134,0.1559844170977,2–8,2,10,49.6,57.2,33.8,35.9,18.2,15.8,26.5,27.5,66.9,46.7,56.7,35,38.6,5,12.6,49.6,57.2,50.9,42.2,66.3,81.2,75.3
Western Carolina,89.354076351203,104.77943389698,0.13807366569117,1–7,1,8,43.8,54,20.2,32,24.5,17.2,28.5,26.9,74.1,47.6,55.6,26.6,34.5,7,13,47.3,58.1,49.8,42,73.5,64.6,73.2
Eastern Kentucky,110.0302047138,105.53112603816,0.61777460373579,4–5,4,9,49,53.8,21.6,37.2,16.3,21,33.1,35,68.9,48.5,55.8,33.1,33.5,9.8,11.1,49.6,48.1,43.7,35.8,69.4,68.5,69.3
Penn,97.239596088576,114.34690813387,0.13427502134832,3–7,3,10,44.3,51.8,35.6,24.5,17.5,15.5,30.6,35.5,64.6,46.8,47.6,27.5,39.4,4,10.1,54.5,55.3,44.9,37,65.7,65.8,75.3
South Carolina St.,100.54487447488,105.37144849169,0.36837205485232,4–7,4,11,47.6,51.9,38.4,48.9,18.6,22.1,32.4,33.5,70.1,48.9,56.6,30,30.2,10.5,10.3,56.4,60.3,32.2,41.4,68.8,66,69.6
Idaho,107.88432488961,114.86521995763,0.32716217885785,2–8,2,10,51.5,54.3,31.2,39.2,21.1,16.1,29.8,35.7,67.8,49.2,54.7,36.3,35.7,6.7,15.2,48.8,52.5,45.3,38.5,66.7,67.1,69.7
Stony Brook,97.487086238381,114.81542267328,0.13222036645329,2–8,2,10,45,58.4,31,27.9,19.2,16.3,29.6,33.1,66.2,44.8,62.1,30.2,35.4,4.7,8.6,50.9,60.3,39.9,40.9,67.8,73.7,64.2
Evansville,97.260121304741,108.99562674669,0.21247594440934,2–8,2,10,47.5,53.5,29.8,37.7,17.8,18.1,21.3,31,68.4,52.2,54,28.1,35.2,13.9,6.1,56.3,47.7,47,42.1,68.4,69.5,77.7
Saint Peter's,101.43581704545,106.78818209064,0.35632708019752,3–5,3,8,46.9,46.3,36.8,50.6,20.2,17.1,37.9,35.5,64.9,42.7,48,35.1,28.7,11.1,14.2,44.6,49.7,42,35,64.2,67.3,71
Virginia,102.40770014977,94.833652682848,0.70757431628354,6–5,6,11,51.4,46.4,26.6,22.9,19.8,16.1,24.5,28.6,61.5,47.6,45.6,37.6,31.6,14,8.8,64.6,51,42.3,44,61.3,73.5,70.7
UCF,106.64291600774,100.15887384006,0.6729099709146,8–2,8,10,48.8,48.9,40,28.2,16.3,19.8,35.1,32.5,71,48.8,47.2,32.5,34.3,12.6,7.6,58.6,50.2,39.2,40,70.7,76.1,70.9
Drexel,104.33064545455,104.05836363636,0.50751240929042,7–4,7,11,53,47.4,24.3,26.2,18.7,13.1,33.5,26.1,66.1,54.1,49.9,34.1,28.8,10.3,7,51,50.5,38.8,36.5,65.3,72.7,71.5
Charleston Southern,99.037581525803,110.60648696019,0.21916952821669,2–9,2,11,49.1,54.8,38.2,31.7,19.8,13,30.9,26.8,70.6,51.1,57.8,30.8,32.4,5.7,10.8,51.7,46.6,40.1,33.2,70.3,56.8,65.6
Northern Iowa,115.01070424754,104.81568909479,0.74411167291421,6–4,6,10,61.3,48.8,34.1,27.7,15.8,17.5,21.9,27.9,65.7,59.4,50.3,43,30.7,8.9,6.3,55.7,38.7,36.6,36.4,65.5,69.4,75
South Carolina,111.54918131987,99.407972382442,0.79004265746868,8–3,8,11,53.5,46.3,44.7,30.7,16.1,15.5,29.4,28.9,67.7,53.6,45.9,35.6,31.4,8.1,11.2,56.7,41.7,40.3,32,67.9,67.2,68.3
Lamar,102.45173828912,101.53426864545,0.52583896073861,4–5,4,9,49.1,47.8,31.5,38.7,19.3,18.1,35.3,33.5,68,47,49,35.7,30.5,15.6,10.5,54.1,56.3,32.1,38.9,66.6,70.2,67.8
Kentucky,124.2182112376,96.891799148364,0.94568537464149,10–1,10,11,57.2,45,31.6,23.5,13.1,13.9,31.5,24.8,73.8,58.7,47.6,36.7,27.5,13.3,6.4,59.1,44.9,42.1,41.1,73.3,72.3,69
Lafayette,97.722674957812,108.79346169228,0.22545544857928,4–6,4,10,47.6,49.6,33.3,38.4,16.3,17.7,26.3,33.9,66.6,44.6,50.6,34.6,32.1,9.3,7.7,61.2,54.6,41.4,37.7,67.4,72.8,72.6
VCU,107.3346341712,91.340921012178,0.86477783948901,8–3,8,11,52,43.1,37.6,37.1,18.1,22.3,31.5,29.6,67.7,55.4,43,32.5,28.8,15.2,6.2,59.9,40.7,51,30.8,68.8,69.5,69.4
Wisconsin,120.29832888096,101.75451831488,0.87272076517183,9–3,9,12,52.8,48.3,38.9,33.1,13.7,15.8,28.4,28.4,70.1,54.5,51,33.9,29.7,5.6,10.2,56.7,45.8,44.6,42.3,69.2,84.8,74.7
Alabama,123.87598362345,98.098209946216,0.93602117080876,9–2,9,11,54.9,46.8,42.1,32.8,16.9,14,35.7,28.8,75.2,61.5,47.8,31.8,30.1,10.2,10.2,56.5,41.5,48.1,36.4,74.6,72.5,72
Tennessee Tech,102.28930925773,113.81382979002,0.2265794848851,3–7,3,10,51.4,51.2,22.5,20.3,17.6,15.1,24,38.7,68.9,49.8,52.5,35.3,32.7,6.9,7.2,59.7,50.8,48.4,36.8,68.8,69.2,74.8
NJIT,91.057691169311,110.24206129451,0.099873569188077,2–11,2,13,44.2,47.1,27.5,39.2,19.5,14.2,27.1,36.7,65.6,44,48.7,29.7,29.2,11.7,10,45.6,48.6,39.9,32.9,66.3,76.6,65.1
North Alabama,104.65262988986,104.49937239355,0.50421325109947,5–4,5,9,50.3,54,23.9,27.9,14.4,19.7,29.1,29.5,68.4,50.8,57.3,32.9,33.2,7.8,8.8,42.2,57.6,37.9,43.5,69.6,69.1,66.9
Pepperdine,101.82521219842,105.99200523114,0.38669687004694,4–6,4,10,49.9,48.4,34.1,30.8,18,14.8,25.2,27.6,68.9,49.3,47.5,34,33.2,10,5.7,60.8,47.7,33.9,37.7,70.5,73.5,75.4
Cal Baptist,109.04300047847,111.9851291866,0.42404901639409,5–6,5,11,48.2,54.1,27.9,29.4,14.2,16.6,33.8,29.9,68.1,50.1,52.6,30,37.9,6.8,8.4,42.8,42.9,36.2,34.8,67,77.3,72.9
Dartmouth,97.961713929568,109.43366579054,0.21865336385853,3–7,3,10,48.3,54.3,31.4,27.7,16.1,15.9,21.1,24.6,71.6,47.4,57.3,32.9,33.1,4.8,8.8,57.4,49.7,49.1,39.1,71.9,70.9,70.4
La Salle,104.52810438596,104.23856622807,0.50797399468109,7–5,7,12,47.5,51.8,32.4,28.9,15.5,16.4,33.3,26.1,72.4,47.4,55.3,31.9,30.9,9,8.4,43.4,55.1,33.7,39.5,71.5,72.8,67.6
Tulsa,100.44499,109.56183,0.26911711481632,3–7,3,10,46.9,49.5,38.5,36,17.1,16.1,30.2,34.2,69.7,49.2,49.9,29.4,32.4,8.1,12.7,54.1,45,46,29.4,68.3,67.4,68.3
Incarnate Word,106.70898932754,115.47164735094,0.2874961968364,4–5,4,9,54.2,53.4,27.8,39.9,17,17.8,32.9,31.1,65.5,51.4,50.5,38.9,38.5,12.1,7.9,46.5,55,39.2,39.9,66.1,67.4,75.5
St. Thomas,111.69463741978,106.80925304564,0.62582040288716,6–4,6,10,57.5,52.2,30.6,35.8,16.4,18.6,22.6,32,70.6,56.8,54.4,38.9,32.8,8.8,10.4,53.7,56.6,45.5,41.8,69.1,77,69.4
Grand Canyon,107.12234142722,101.90468641083,0.63974020519406,5–4,5,9,49.6,53.2,42.3,33.5,18,21.5,30.8,26.6,73.3,51.4,53.6,31.1,35.1,9.8,9.7,55,45.6,37.2,34.1,73.6,74,77.8
Michigan St.,116.20474182512,96.434882670573,0.89516169036439,9–2,9,11,52.4,46.5,40.1,29.3,17.1,16.8,37.8,23.2,69.5,58,46.5,27.8,31,13.8,7.4,62.6,55.2,34,41.2,69.7,80.6,71.2
Cal St. Fullerton,98.353916599257,107.89008054731,0.25650449264288,3–8,3,11,44.8,51.7,39.7,38.9,20.2,17.3,26.3,34.1,65.2,47.7,55,25.7,31.9,5.1,9.1,43.4,55.9,31.3,45.5,65.9,76.1,71.6
Southeastern Louisiana,97.683543198722,99.225556209102,0.45509165515459,4–6,4,10,49.5,49.6,27,35,21.1,19.3,27.9,29.5,69.3,49.7,53.1,32.6,30,7.8,10.1,51.4,54.1,33.8,43,69.1,73.4,66.7
UC Riverside,103.84061882499,107.67220247524,0.39730818246866,6–4,6,10,48.8,51.8,29.3,30.4,16.6,15.1,29.6,30.4,68.5,48.6,52.9,32.7,33.3,6.1,11.7,49,54.3,42.1,38.5,69,74,70.8
Clemson,113.96257170131,96.511266695739,0.87117844686764,9–3,9,12,53.2,49,30.1,29.3,15.6,21,34.7,29.4,66.6,50.8,49.4,37.9,32.4,10.5,7.2,51.1,46.7,39.1,40.7,65.9,75.8,70.2
Colorado,108.29363677899,99.128744437138,0.73437023691805,8–2,8,10,54.6,47.5,39.1,25.5,20.7,16,29.2,25.4,68.7,52.6,47.8,38.6,31.4,11,6.8,63.5,48.6,38.2,39.1,68.6,76.3,74.4
Coastal Carolina,101.12805120276,106.2725878536,0.36109192133108,5–5,5,10,52.3,44.5,35.8,46.1,18.6,10.2,27.2,24.3,64.9,51.9,47.5,35.3,25.3,3.9,10.4,50.4,35.1,39.4,31.4,64.3,67.6,71.9
North Carolina A&T,99.373384539155,113.32097937346,0.18087803769192,2–9,2,11,47,51.6,30.5,31.1,14.5,16.4,23.2,31.9,73.2,46,54.9,32.6,30.7,10.1,8,42.5,53.3,34.3,38,75.2,71.4,78
Washington,104.68419210604,99.795378856449,0.63413601408637,7–3,7,10,49.4,48.7,41.8,31.7,17.2,19.7,31.9,29.2,70,49.1,50,33.3,30.7,10.8,13.2,52.3,40.1,32,32.8,69.6,63,73.8
Colorado St.,104.47024463777,100.98802593398,0.59624751910922,6–5,6,11,51.8,48.9,27,34.8,16.9,18.8,24.3,26.3,68.7,55.9,45.8,30.7,35.9,10.4,8.7,58.9,49.8,42.2,38.3,68.9,75.1,67.3
UMBC,104.34544395269,111.5330131311,0.31733265935635,4–6,4,10,53.5,52.3,32.3,31.5,16.4,18.7,20.6,34.5,72.6,51.2,52.7,38.1,34.4,5.4,9.1,53.9,42.8,38.1,31.4,73,70.9,68.9
Louisiana Monroe,93.301941573898,109.86988421872,0.13241844315183,2–9,2,11,46,53.9,29.8,26.9,20.1,16.9,30.7,28.1,69.5,46.9,57.5,29.5,32.9,4.7,10.5,48.9,55.2,32.1,44.4,69.5,67.7,65.5
The Citadel,93.156594438969,115.04385430733,0.081147109825377,1–6,1,7,49.5,51.7,24.4,33.7,23,12.7,30,30.4,67.6,55.5,52.2,28.9,33.8,5.8,12,56.5,49,49.6,34.6,66.5,58.8,78
Hofstra,99.142790801136,101.05232847585,0.4453715735641,6–4,6,10,48.3,46,31.8,37.5,19.8,16.9,24.5,29.6,65,48.5,41.3,32.1,36.3,13.3,10.3,52.9,50.2,43.7,36.1,65.5,70,71.2
UMass Lowell,107.14453986365,110.89083216731,0.40245993191328,7–4,7,11,54.2,50.8,42.2,27.5,19.9,15.6,25.6,31.3,72.6,55.8,49.2,33.9,36.1,10.2,8.9,52.7,45.5,31.7,32,72.8,78.1,72.8
South Alabama,102.29345376928,107.13586463899,0.37007401940311,6–4,6,10,50.9,50.8,34.5,21.9,14.4,20.9,26.5,29.8,64.4,54.4,44.9,31.7,36.5,12.9,12.2,61.6,70.2,51.3,60.2,64.9,69.1,72.6
Butler,112.36692045718,102.28685907096,0.74665790577115,7–5,7,12,53.6,44.5,48.4,23.6,18.9,11.6,29.9,31,66.2,49.4,45.1,39.4,29,8.5,8.1,61.3,43,43.4,35.1,67.7,76.2,77.3
SIU Edwardsville,100.32555963818,102.71508816106,0.43273695856527,4–4,4,8,48.1,50.5,22.5,36.2,18.2,15.9,34.5,29.4,69.2,47.5,48.6,32.7,35.2,13.9,7.3,55.7,54.5,40.7,46.3,67.4,61.7,69.2
Northern Colorado,108.01312065356,106.09276641122,0.55139203401379,4–5,4,9,52.7,53.7,25.5,36.4,15,14.5,25,23.5,72.2,57.6,57.1,30.3,31.4,4.1,8.5,48.1,35.3,40.6,33.7,72.6,75.5,76
Iowa,117.39342896176,99.832869358559,0.86569097603564,8–3,8,11,58.1,50.1,25.5,22.1,13.7,21.7,26.3,33.6,73.9,58.6,55.1,38.2,27.7,13.4,7.7,61.3,47.9,42.6,37.1,72.1,67.8,67.1
Florida A&M,93.960702465464,111.46479505561,0.12297332944084,1–6,1,7,44.2,55.9,33,34.3,22.8,13.7,24.4,37.7,70.9,43,57.6,30.4,35.8,8,12.6,50,59.5,46.6,42.4,70.2,66.4,66.7
TCU,101.29596835706,93.240552801464,0.72170494404451,6–4,6,10,49.7,46.9,35.5,27.8,16.7,21.3,31.4,29.3,68.5,50,49.5,32.7,28.9,12.5,6.7,57,57.9,37.2,42.4,69,60.5,74.2
Middle Tennessee,107.5443,102.92851111111,0.62351251160782,6–3,6,9,51.1,47.5,32.9,37.5,17,15.9,33.5,30.7,70.3,53.2,51.2,31.4,27.6,10.5,8.8,42.1,52.6,34.8,37.1,70.1,73.2,73.7
Oregon,115.86447397211,96.294989641328,0.89355279171725,10–1,10,11,52.5,46,39.2,25.1,16.7,19.6,35.1,31.4,69.4,53.2,46.8,34.1,30,11.3,9.2,59.7,49.6,38,40.9,69.6,74.4,70.6
Harvard,97.624960713767,107.70611300222,0.24413506824174,3–7,3,10,49.1,51,25.1,23.7,18.9,17.2,25.7,30.4,67.9,52.3,52,29.9,32.9,8,10.8,54.1,51.9,42,37.6,68.5,74.3,77.5
Florida,124.38619361817,95.872836363534,0.95231312675205,11–0,11,11,54.7,43.9,32.3,26.6,15.2,18.7,40.3,28.5,71.6,58.2,44.5,33.6,28.5,12.9,8.1,50.6,39.7,44.8,34.4,70.8,72.7,73.6
Saint Joseph's,107.0294315408,98.615084715999,0.71942588893826,7–4,7,11,52.6,47.4,31.6,25.3,17.3,18.2,28.7,28.5,70,53.6,46.8,34.3,32.2,13.8,7.1,61.8,52,43.6,36.5,70.9,74.1,78
Saint Mary's,114.03429138536,95.962009654654,0.87913757472778,8–2,8,10,50.5,45.2,37.5,29.6,16.6,17.4,40.7,28.9,65.9,51.5,44.1,32.3,31.6,11,8.7,55.9,50.4,32.9,33,64.6,67.3,75.1
Texas A&M Corpus Chris,106.99159883041,105.89379239766,0.5296171248358,4–5,4,9,54.9,51.3,40.5,45.5,17.8,20.6,30.9,34.9,71.1,55.3,54.2,36,30.8,11.8,11.3,52.9,53.2,28.8,36.6,70.8,59.7,65.2
Ohio St.,112.39704215955,98.226358556831,0.82488120241887,7–4,7,11,57.1,44.2,34,35.5,15.7,16.4,28.2,28.6,69.8,54.9,45.1,40.6,28.5,10.8,10.7,52.4,41.3,37.8,39.8,69.1,68.9,75.6
Florida St.,109.07942546966,94.827239538758,0.83344265557177,9–3,9,12,51.6,45.1,45.3,41.5,18.6,22.7,31.7,31.8,72.3,53.5,49.5,31.9,26.5,17,8.1,51.7,46.4,34.2,45.5,72,70.8,69.9
Seton Hall,96.013293470799,94.977787275309,0.53113504052911,5–7,5,12,46.5,49.8,34.8,32.7,19.9,21.9,32.4,25.5,63.2,43.3,50.3,35.4,32.7,11.4,8.8,52.1,52.4,32.6,46.2,63.5,60.5,71.1
North Carolina,114.9996986946,99.436005080857,0.8418789306763,6–5,6,11,52.6,49.5,37.5,27.9,14.2,15.8,28.6,28.4,75.6,55.9,48,31.3,34.3,9.6,8.2,46.7,49,37.1,41.4,75.3,75,75
Houston Christian,100.30816937699,113.46816174787,0.19502803276145,2–7,2,9,47.4,56.2,31.1,30.3,16.9,18.4,26.5,30.7,65.9,49.7,60.2,29.7,32.1,7,12.2,44,44.4,43.4,33.5,65.7,70.1,75.8
Lehigh,105.30193107876,116.90356978345,0.23112798087556,2–6,2,8,51.2,54,30.2,33.9,14.9,11.9,18.8,33.6,67.2,50.5,54.3,34.9,35.7,3.5,10.5,55.8,49.8,38.5,35.3,68.1,65.9,72.6
Navy,103.57601816055,116.53423981925,0.20495437146524,2–8,2,10,45.5,53.7,31,40.9,15.8,18.4,34.4,32,68.4,45.4,54.6,30.4,34.9,7.4,12.8,53.5,49.2,40.9,39.3,69.9,75,75.3
Saint Francis,98.405691243387,110.99642043795,0.20027250231557,2–8,2,10,49.1,56.6,19.1,30.4,20.5,16.3,23.4,31.1,69.8,49.1,59.3,32.7,35.6,5.7,11.2,52.9,55.6,43.2,44.9,70.5,72.1,73.2
Santa Clara,112.23881505691,100.61118421197,0.77863038646176,7–5,7,12,51.9,49.7,31.3,35.9,17.9,18.9,34.8,30.2,69.5,52.5,48.9,34.1,33.9,10.5,10.1,54.6,54.5,44.8,41.3,69.6,76,67.7
Loyola Marymount,96.332341975309,101.3910627385,0.35696081225378,5–4,5,9,47.6,49,25.5,24.9,16.3,16,24.2,26.4,68.7,48.8,47,30.6,35.1,12.5,5.6,50,48.7,43.5,36,68.5,70.6,78.4
Delaware,108.59421809285,110.96491786609,0.4382288742054,5–4,5,9,53.8,48.4,37.1,33.3,17.6,15.9,22.8,34.7,72.5,50.2,47.2,39.3,33.8,9.3,6.6,48.1,43.4,41.6,33.4,72.5,78.5,70.1
Miami OH,103.86126844973,106.15339795363,0.4375687196154,5–4,5,9,52.4,56.1,21.5,34.8,17.5,21.7,26.6,25.9,68.7,54.7,58.2,32.9,35.6,11.1,12.9,44.7,53.7,42,45.3,69.8,69.6,68.7
New Mexico,112.55866076542,99.824836339002,0.79909718130939,8–3,8,11,50,51.8,41,36.9,15.6,21.8,34.2,29.1,75.4,49.1,48.5,34.6,38,15.5,8.4,56.5,59.9,32.3,38.1,75.1,66.3,64.5
Coppin St.,86.109117266641,113.51278288232,0.04002312386237,0–12,0,12,39.3,57.2,32.1,37.4,20.6,17.5,24.9,34.1,67.1,40.5,61.2,24.4,35,3.3,14.9,46.6,59.2,29.5,45.5,68.7,65.7,68.9
Temple,105.93951602339,102.20857438596,0.60164084982285,6–4,6,10,47.8,45.6,43.5,31,15,15.2,31.3,33.3,69.6,49,45.3,30.2,30.8,9.9,11.2,39.8,52.4,32.8,39.6,69.7,70.6,70.4
Monmouth,99.887487665574,112.29299781816,0.20648062108721,1–10,1,11,42.9,55.3,35.3,45.8,18.1,17.8,31.6,31.9,69,38.2,56.8,34.2,35.4,8.1,11.1,48.3,60.1,36.1,40.7,69,74.7,68.2
Southern,100.75076594648,100.92880088798,0.49492429485971,2–5,2,7,46.7,53.8,31.3,40.3,20,20.2,32.1,33.5,70.8,46.3,54.6,31.7,35.3,14,15.5,49.7,64.4,32.9,47.9,70.1,64.4,66.3
Southern Miss,93.984101541121,108.9694327274,0.15429158725902,3–7,3,10,47.6,52.9,35.7,32.1,21.2,16.4,28.5,30.4,71.8,49.6,54.6,29.8,33.5,13.9,10.6,60.4,49.7,39.2,37.9,71.4,67.8,70.6
California,112.78834644225,109.53450079464,0.58337523551275,7–4,7,11,54.8,54,41.3,33.8,19.3,16.8,38,27.4,70.2,53.4,53.2,38.1,36.9,10.8,10.9,40.5,45.9,38.6,36.8,70.6,73.9,67.3
Georgia St.,100.1247763236,107.33049870817,0.31019661508147,3–7,3,10,46.2,53.5,38.5,33.5,19.5,13.5,33,28.5,71.3,45.5,57.4,31.7,31.9,5.8,8,44.4,55,32.2,41.4,71.9,68.1,72.1
Miami FL,118.18549067431,114.0401718053,0.60123236390877,4–7,4,11,56.6,53.7,28.2,29.5,15.4,14.3,30.8,27.2,66.2,61.8,53,33.2,36.4,8.1,8.5,46.1,51.9,43.2,41,66.6,79.6,72
Georgia,114.24593123282,94.640949605536,0.89706460941741,9–1,9,10,56.4,44.1,42.2,25.2,20.3,18.1,40.8,27.3,69.8,59.6,46.2,34,27.3,17.8,6.5,56.2,44.2,37.5,40.6,68,73.6,75.7
North Dakota,104.73841207916,114.63955108201,0.26138936144427,3–9,3,12,46.8,55.7,31.5,30.6,18.7,14.7,36.3,29.2,70.1,46.6,56.6,31.3,36.1,6.9,11.3,41.4,48.7,41.5,37.7,69.1,66.4,72.5
Saint Louis,108.69477,112.23661473684,0.40884204916894,5–5,5,10,55.9,51.4,34.8,25.2,17.8,14.4,26.8,27.8,69.6,58.4,49.3,35.5,36.3,5,12.3,57.5,41.7,48.2,39,68.8,64.5,74.1
Arizona St.,110.54027598475,97.77519062544,0.80394794911777,8–2,8,10,54.2,47.3,41.4,25.6,17.5,15.8,26,27.7,72.1,51.7,48.3,38.4,30.6,14.5,10.1,53.2,51.1,42.8,40.5,70,70,73.6
Purdue Fort Wayne,115.62008071625,113.11978108356,0.56252534130929,7–4,7,11,56.9,54,32,28.7,13.7,20.3,26.5,32.8,71.1,55.4,56,39.1,34.2,7,9.4,51.3,54.9,46,41.5,71.1,74.8,76.6
Iona,95.782777243578,105.61195647394,0.24537745382144,3–8,3,11,43.8,55.4,35.1,41.2,24.1,22.9,41.1,30.4,69.9,43.1,55.8,30.2,36.7,8.4,11,45.1,54.4,33.7,44.7,70.3,64.5,71.5
Stetson,96.346488377002,119.20152123028,0.079589137348,0–10,0,10,49.1,53.6,31.1,28.4,20.3,13.2,25.9,35.4,70.5,48.3,51.1,33.6,38.7,7.4,7.7,46.5,52.1,39.2,36.1,69.9,69.8,75.4
Marshall,102.54898532853,102.88263137326,0.4906623750387,5–5,5,10,49.3,50.2,41,49.2,16.5,18.5,29.3,27,72.1,54.7,50.3,28.5,33.3,10,8.5,51.4,44.4,44.6,31,71.7,67.8,73.1
Eastern Michigan,98.709586534628,112.5743862437,0.18072109154554,4–5,4,9,49.5,55.1,34,35.5,17.9,19.8,27.4,33.8,68.6,49.8,53.1,32.7,38.7,8.8,9.4,51.3,55.1,38.4,40.8,70.1,67.6,72.8
Niagara,102.20177652186,116.43100669246,0.1825712956737,4–6,4,10,50.1,53.2,30.7,25.6,16.9,14.4,21,27.5,63.3,48.9,51.9,34.3,36.6,5.9,9.6,51.4,60.5,47,43.5,64.4,75.3,80.7
Campbell,96.49439026212,108.07568356899,0.21357838782288,3–7,3,10,47.5,55.6,35.9,33,17.7,18.9,22.6,25.4,67.1,48.7,58.6,30.7,33.3,8.3,10.3,51.6,53.6,44.2,34.7,67.6,79.8,65
Mercer,101.72142356237,110.83586022811,0.27153609489583,4–5,4,9,51.2,51.8,27.1,34.6,18.2,18.7,28.9,30.2,71.2,55.4,53,30.2,33.5,8.3,9.8,47,52,42,42.7,71.1,70.4,75.7
Lindenwood,95.54044638253,109.62522505015,0.17058952153627,2–6,2,8,44.9,55.6,28.7,33.7,18.6,19.1,30.2,30.8,69.3,47.5,55.5,26.7,37.1,8.9,12.5,40.3,59.5,36.1,46,69.4,67.9,74.7
St. Bonaventure,108.53872502038,92.453776098505,0.86348942090396,10–1,10,11,51.5,45.7,35.3,25.5,17.5,21.1,32.4,28.6,66.3,54.5,46.1,30.7,30.1,13.7,7.3,41.7,50.8,35.5,45.1,66.6,72.4,70.5
Oregon St.,112.66299052092,93.712948904312,0.89263015176111,7–2,7,9,55.5,43.6,33.3,28,19.1,19.6,34,25.2,65.2,54.6,43.6,38,29,12,6.3,59.7,54.1,38.2,43.3,66.1,79.8,64.7
Lipscomb,106.08468649549,95.768038240632,0.76432693720897,6–4,6,10,51.7,49.4,22.1,18.5,16.6,18.4,25.1,26.2,70.5,53.9,49.6,32.6,32.7,7.3,12.1,58.4,40.3,43.5,35.8,69.1,77.2,62.3
Kennesaw St.,104.25467777778,104.31741111111,0.49827054884993,5–4,5,9,50,46.2,45,42.4,22.6,15.9,33,34.5,71.9,49.8,49,33.5,27.7,10,9.8,54,55,45.2,37,72.3,75.7,72.9
James Madison,111.83442684211,106.11415210526,0.64652435436814,5–5,5,10,52.6,52.5,27.9,36.5,17.9,15.1,33.2,25.9,66,50.7,54.6,36.5,32.3,8.3,8.9,54.3,41.9,47.4,34.4,66.8,72.7,66.2
Georgetown,105.55176475026,95.921807675576,0.75029450165651,9–2,9,11,52.5,46.8,23.2,24.2,17.2,22.4,34.4,27.3,69.7,56.2,43.8,30.8,34.3,12.1,6.4,55.9,55.6,36.6,39.4,69.9,75,77
USC Upstate,100.83883613621,114.15887140534,0.19360143130282,1–10,1,11,48.4,57,34.2,39.5,20.1,15.5,26.3,30.3,74.1,52.8,59.8,26.4,35.2,6.9,6.9,44.9,53.1,33.1,40.4,74.9,66.8,70.4
Morgan St.,98.054514398885,120.1041457893,0.088457982274139,2–8,2,10,49.1,55.4,30.4,44.5,18.9,16.1,31.7,32.3,72.6,51.4,54.4,26.6,38,10.7,5.7,41.6,55.9,20.1,37.1,72.4,66.8,72.5
New Hampshire,88.323676349937,111.02275547699,0.067209862500572,0–11,0,11,45.6,53.1,27.2,34.4,21,16.8,25.1,32.6,68.7,44.8,56.2,31.3,32.5,8.2,13.3,55.1,57.1,39,42.1,68.9,65.3,70.1
Iowa St.,125.50154862676,96.39589582157,0.95410100969519,9–1,9,10,56.7,47.6,40,25.9,13.3,23,33.8,25.1,70.8,59.1,47.1,35.1,32.2,8.9,6.5,56.9,55.7,36.5,42.4,71.6,75.7,76.7
Alcorn St.,94.398776508037,114.02394252248,0.10228185474012,0–11,0,11,40.5,58.3,24.7,33,21.6,17.1,33,35.9,67.4,37.1,60.8,31.9,37.5,10.5,13.6,50,71.8,31.8,54.3,66.9,68.1,77.1
Purdue,120.15520743702,99.656533131509,0.8957742320852,8–3,8,11,57.3,49.5,41.4,28,18.4,16.8,29.5,30.3,67.2,55.5,51.2,40.1,31.5,6.8,8.7,65.2,56.4,39.5,42.5,66.1,72.4,76.7
Drake,109.646375,93.4198875,0.86316096494075,8–0,8,8,54.6,50,49.5,40.6,22.4,22,37.1,24.1,63.2,55.7,53.4,35.3,29.7,7.7,6.8,58.1,48.5,39.2,38.7,62.8,72,70.3
Mississippi St.,118.64297260468,99.126401471778,0.88763556152784,10–1,10,11,53.8,49.2,32.8,35,12.8,20.6,35.8,27.7,69.7,55.6,45.6,34.1,36.3,12.1,7.6,58,55.1,40.8,40.5,68.8,68.7,66.8
Holy Cross,103.65605115369,113.94094380128,0.25200946375545,5–5,5,10,50.9,54.6,22.4,24.9,17.9,15.3,23.9,28.4,65.5,46.5,58.2,37.8,32.9,7,8.5,48.1,54.2,43,40.9,66,75,75
Houston,118.69632322552,85.317519508464,0.97805803106556,7–3,7,10,52.1,40.9,27.4,38,14.6,21.9,38,28.2,63.7,47.7,38.6,40.6,29.2,18.6,7,48.4,54.5,33.4,45.4,63.6,73.5,70.3
Hampton,99.636226248285,107.49643816841,0.29458538862804,3–5,3,8,43.2,54,30.3,44.4,15.8,20,33.8,32.4,65.6,41.7,54.7,30.4,35.3,9.4,10.5,42.5,57,38.4,40.5,65.7,77.9,66.1
Western Michigan,102.71976482738,111.85655774079,0.27290233916018,2–7,2,9,45.8,55.5,30.9,30,14.3,13.5,35,23.1,66.7,47,54.7,28.6,37.7,6.5,10.9,39.6,61.2,28,46.2,67.7,69.4,72.9
New Mexico St.,102.68929588393,105.3523755326,0.42691912643091,4–6,4,10,47,48,35.4,46.8,18.6,12.9,34,30.7,68.8,45.6,48,32.9,32.1,7.1,10.9,43.3,59,37.1,40.4,68.4,66.5,69.5
Ball St.,100.79690326903,112.7282134389,0.21644087310295,2–6,2,8,48.1,51.4,47.6,41.4,15.1,14.7,20.8,31.8,67.9,48.2,49.8,32.1,35.9,4,6.5,47.8,58.9,42.7,39.7,67.7,68.8,74.6
Milwaukee,108.68937458256,106.10552003711,0.56873445813742,7–4,7,11,52.9,51.8,36.8,31.1,20.8,17.8,41.9,26,70.7,54.1,51.9,33.6,34.6,8.7,9.5,44.2,52.7,33.3,37.9,70.5,64.2,70.3
Portland,94.704970269695,110.94651487446,0.13940505680746,2–8,2,10,47.7,53.2,34.6,20.6,19.6,12.2,20.4,26.6,69.4,48.3,53.9,31.3,34.9,7.8,6.3,57.2,57,43.9,46.2,70.8,74.7,70.8
Albany,104.28256851323,110.93044373147,0.32944633816375,5–6,5,11,49,58.3,29,41.6,14.1,22.1,29,30.3,69.3,49.9,60.2,31.6,36.6,3,10,43.9,54.8,35.7,35.5,70.2,75.8,71.3
Tarleton St.,89.820724775347,104.80202415573,0.14505061506006,1–10,1,11,46.8,54.4,37,43.1,29.2,21.9,26.2,38.9,68.2,43.2,53.4,38,37,9.9,12.7,43.8,59.1,26.1,46.6,66.6,68.6,71.5
San Francisco,108.83358588842,92.828482044765,0.86167407228634,8–3,8,11,55.4,45.7,35.8,27.5,19.3,21.1,29.9,26.5,69.7,56,43.7,36.4,32.6,11.3,8.4,54.5,44,42.4,38.1,69.5,69.5,70.5
Bucknell,94.169113325126,104.93180669675,0.22365158232153,4–7,4,11,49.4,48.9,41.1,35.4,20.1,17.4,25.9,31.2,68.7,53,48.6,29.9,33,10.1,12,53.9,51,44,39.1,69.4,62.9,67.8
Connecticut,125.95344420847,103.16068761558,0.90851877304818,9–3,9,12,57.9,48,33.5,43.1,14.7,18,35.7,24.8,66.1,62,42.7,35.3,39.2,20,5.9,67.3,41.7,45.7,32.9,65.8,78.7,70.4
Southern Indiana,102.91966991139,108.66830339689,0.34863586891846,3–5,3,8,52.4,51.9,34.6,41.5,17.8,17.7,26.8,32.1,69.4,48.2,53,41.8,33.5,7.1,7.6,42.5,45.1,29,40.5,67.2,75,69.9
Florida Gulf Coast,105.60897887004,106.7432666135,0.46932443455941,3–8,3,11,51.6,50.6,18.1,31.4,17.2,15.7,25.6,30.7,64.3,53.1,51.5,33.1,33,6.7,9.3,46.6,53.2,43.2,44.2,65.2,68.1,71.1
San Jose St.,108.64263386497,110.24944841042,0.45789037462103,4–6,4,10,50.4,54,38.4,32.3,16.1,16.3,28.4,28.4,66.3,49,56.1,35.2,33.6,6.8,7.7,45.3,53.7,34.6,37.3,66.3,75.7,72.1
Utah Valley,101.86122727273,101.29550909091,0.51600624484196,5–6,5,11,49.2,49.9,36.7,34.2,17.8,16.1,30.3,24.4,69.9,51.5,46,29.7,37.8,13.1,9.8,52.1,50.5,33.1,36.3,70.7,68.9,72.8
Missouri,117.9912470014,101.64283056522,0.8475059812534,10–1,10,11,59.7,46.9,52.2,25.6,15,23.2,35.2,33.6,70.1,61.8,45.1,37.8,33.2,11.7,7.3,48.1,48.9,40.8,37.8,69.6,71.4,78.2
Cincinnati,112.3963865737,92.633884728365,0.90236940582915,8–1,8,9,57.4,42.2,23.6,23.4,14.2,18.4,36.2,27.8,67.1,57.8,42,37.9,28.5,13.4,5.5,55.5,47.7,37.7,32.5,66.3,62.1,71.8
South Dakota St.,108.91870171665,102.54795540044,0.66666036341658,6–5,6,11,52.4,49.6,29.4,30.1,18.3,14.5,31.1,20.9,69.6,54.7,52.5,32.7,31,8.1,6.6,51.2,54,41.7,48.1,70.4,77.6,75.3
Boston University,99.851425106407,109.26097769189,0.26199140780132,4–6,4,10,50.5,50,30.4,29,22.6,16.4,33,24.3,65.2,50.3,48.4,33.7,35,9.4,10.9,53.2,52.9,46.2,39,64.8,64.5,76.4
Air Force,98.456445561957,110.49888170101,0.20965637093351,3–8,3,11,55.1,51.6,39.2,32.2,19.2,16.6,22.4,28.5,64,57.6,50.7,34.8,35.5,9.8,8.7,63.4,49.6,46.8,36.7,64.1,62.7,71.5
Bradley,115.52248684622,103.13128731872,0.78664464446978,8–2,8,10,59.5,47.5,32.8,33.4,18.8,16.8,26.7,29.1,68.5,52.2,47.9,46.7,31.3,11.1,8.6,58.4,44,41,38.7,67.3,73.3,74
Troy,104.07864912281,101.07707309942,0.58334751501417,5–4,5,9,50.4,51.3,35.4,23.9,23.7,20.8,38,32.7,68.4,54,49.9,29.6,36,8.7,12.5,56.7,53.6,37.8,36.1,68,74.6,71.2
Gonzaga,124.67589887769,93.655955280545,0.96408518422503,8–3,8,11,55.7,45.8,34.9,28.8,13.2,16.7,33.6,24.1,71.2,57.5,51.1,34.9,25.2,8.4,9.9,60.6,48.2,34.2,39.9,71.4,81.7,75.9
South Florida,105.60872059833,109.02072399111,0.40958868308989,5–6,5,11,51.2,50.9,36,35.3,18.4,16.3,29.5,29.2,71.2,53.2,53.4,32.2,31,8.1,9.5,54.9,56.9,41.1,36.2,69.7,74.9,78.1
Stonehill,100.4382238236,109.16780303626,0.27718898958897,4–7,4,11,50.7,50.4,28.3,34.5,18.6,18,22.6,35.5,67.3,44.6,51.4,38.8,32.3,8,15.8,63,38.5,44.4,35.3,66.6,69.6,73.3
Loyola MD,100.46897322137,109.24267468749,0.27631544120533,4–4,4,8,48.6,49.7,28.1,34.4,19.2,18.2,31.9,30.3,68.5,51.7,51.3,29.8,31,6,7.9,51.5,52.5,43.6,34.6,68.5,75,73.9
Belmont,111.80460141414,110.95363939394,0.52195164585771,8–2,8,10,56.3,54.6,25.4,23.4,15.4,18.1,28.3,26.1,71.9,56.6,52.4,37.2,38.3,10,9.1,56.8,55.7,43.3,43.4,72.7,69.8,74.5
Siena,97.88346673085,106.60207522737,0.27264556936228,5–6,5,11,47.9,51.5,34.9,33.4,19.7,18.1,29.9,29.5,64.8,46,50.5,33.7,35.5,12.9,9.7,49.2,47.6,41.9,35.2,65.2,71,74
Southern Utah,103.44465752698,106.31616458123,0.42192484852422,5–5,5,10,50,49.1,37.7,31.4,21.3,14.7,29.7,33.4,70.9,52,49.7,31.2,31.6,8.3,8.2,51.4,53,38.6,27.5,70.2,72.9,70.9
N.C. State,107.50855984451,100.12939309848,0.69375484093582,7–4,7,11,50.7,47.6,37.5,32.5,14.8,21.7,30.2,33.6,66.4,52.2,50.3,31.7,28.6,12.1,6.7,49.3,49,31.4,36.1,66.3,68.9,74.7
Pittsburgh,115.54843454885,95.843188718369,0.89569011926456,9–2,9,11,54.9,46.3,33.9,27.6,14.3,18.6,30.4,28.8,69.1,58.3,47.2,33.5,29.8,12.2,7.8,49.2,44.4,41.6,37,69.9,76.8,67.8
Furman,104.17633400673,99.270154096521,0.63523929332326,8–1,8,9,52.9,47.1,31,27.6,18.8,17.1,27,31.3,66.2,55.8,51,33.5,26.5,10.4,12.9,65.7,50,52.4,34.4,66.1,67.8,70.3
Massachusetts,102.45546857517,108.31998964864,0.34522239365867,4–7,4,11,46.4,49.8,37.6,35.6,15.8,18.2,33.9,31.5,72.3,50.5,49.2,25.5,33.9,14.2,8.4,49.2,57.6,33.6,38,72.8,64.3,73.9
Mount St. Mary's,99.242196065047,108.40752626991,0.26583779901951,6–4,6,10,47.8,50.3,37.7,31.7,20.4,17.2,32.3,30.2,69.4,48.5,54.1,31.2,29.7,7,9.4,59.3,47.4,37.7,38.9,69.3,74.8,72.4
Bryant,107.82711046832,106.95276786042,0.52339059012258,4–7,4,11,50.6,49.9,36.9,32.7,18.5,16.9,34.1,32.5,74.5,47.9,49.8,37.4,33.3,11.8,5.6,45.5,42.7,32.8,35.1,74.7,71.1,75.3
Syracuse,110.85958421053,108.15908105263,0.57042973909541,5–5,5,10,50.8,52.7,38,30.7,14.2,13.1,29.4,23.2,70.9,55,56.3,27.1,32,7.8,6.2,50.7,49.1,29.2,42.6,71,69.8,70.8
Jacksonville St.,111.18208843537,110.1016430839,0.52804584453928,4–5,4,9,53.3,50.6,31.8,27,16.7,10.4,30.8,24.6,65.4,52.2,46.2,36.8,37.2,8.3,11,42.3,53.7,36.8,46.8,66.6,75.6,69.2
McNeese St.,109.65773026316,99.768344078947,0.74779749803616,3–5,3,8,49.7,49.9,39.7,42.1,17.8,20.5,30.2,32.1,65.9,53.2,47.3,29.3,34.9,11.7,8.2,39.8,60.5,37.9,51.2,66.1,71.5,75.1
Quinnipiac,99.422335414144,104.5360244075,0.35967340200311,4–6,4,10,46.1,51.4,27.5,30,17.1,18.7,31.3,33.1,71,51.5,49.2,25.5,36.5,11.4,10.8,43.9,60.7,40.4,39.4,71.1,74.9,72.7
Rhode Island,109.29425323011,99.241118137692,0.75206403871042,9–1,9,10,53.8,44.7,45.8,28.3,16.1,16.1,29.6,26.9,72.3,53.9,47.2,35.8,26.8,10.5,11.3,56.2,51.4,36.5,36.4,73.7,70.8,71
High Point,111.60360805614,108.84989490915,0.5713376722906,9–2,9,11,54.5,47.2,43.2,31.9,17.3,17.2,29.9,33.3,65.1,55.4,44.9,35.5,34.4,8.2,8.2,49.8,40.9,40.4,33.9,66.2,77.7,71
Sam Houston St.,111.23458538012,111.75740643275,0.48652194522542,4–5,4,9,52,56,34.2,34.2,18.1,19.5,33.7,34.9,69.4,46.8,56.3,40.3,37,7,8.2,55.9,58.8,37.8,39.7,70.8,70.3,68.7
East Tennessee St.,106.98801777778,105.42585686869,0.54218759426144,5–5,5,10,51.8,50.4,28.3,37.9,15.4,18.5,36.2,28.9,68.2,51.1,53.4,35.3,30.1,8.6,10.7,50,47.4,40.3,37.5,68.4,59.9,64.9
Duquesne,99.265850751534,103.10479305978,0.39260887032904,3–8,3,11,47.2,49.1,34.8,38,19.3,19.5,34.5,31.3,65.6,46.1,45.2,32.6,37.2,11.8,9.8,53.4,51,42.3,36.9,65.8,62.8,72.3
Virginia Tech,103.46842896294,102.64214837198,0.5230350894062,5–6,5,11,50.2,50.9,34.2,34.2,21.6,19.2,37,29.1,68.3,49.3,56.1,34.2,29.7,6.6,11.1,54.8,51.9,41.1,45.2,65.4,72.4,72.7
North Carolina Central,102.82271750245,112.69544463834,0.2583904907637,3–8,3,11,48.7,56.7,35.1,46.8,19.3,23.2,31.9,41.7,68.8,48.7,63.4,32.6,30.3,4.1,7.8,50.7,47.7,34.8,37.1,67.8,74.1,70.9
North Dakota St.,117.5026534392,107.9338063932,0.72648114570317,7–4,7,11,59.1,49.6,25.7,25.6,16.7,9.2,24.6,27.4,65.8,54.6,53.6,41.9,28.2,5.1,9.6,57.4,41.9,55,35.3,65.8,76.4,69.1
Northwestern St.,100.88824720446,104.94331906924,0.38860499037969,3–6,3,9,49.8,51.8,24.7,35.9,19.6,17.4,31,30.9,64.9,48.1,50.5,35.4,35.8,13.9,10.4,53.8,46.4,34.3,40.9,65.4,61.9,72.6
Fairfield,103.13028157437,116.04744273393,0.20471700845461,4–6,4,10,46,54.9,27.3,33.9,14.5,17.5,32.2,32.4,66.8,45.7,55.5,30.9,35.9,8,10.1,50.4,53.1,35.6,33,67.5,68.6,77.8
Arkansas,109.57071217115,94.40880009721,0.84719418199664,9–2,9,11,57.8,48.2,29.8,23.1,17.6,20.8,27.5,22.7,71.4,58.9,49.9,37.2,30.7,15.4,5.9,52.1,47.2,36.9,44.2,71,71,70.9
Cal St. Bakersfield,105.57806890192,110.70119544167,0.36704481907933,4–6,4,10,49,51.8,29.4,46.8,19.4,17.6,36.3,26.9,66.2,45.8,52.7,39.3,33.8,10.3,9.1,36.6,54.7,24.1,44.2,65.2,76,78.4
George Washington,104.95454983095,105.08986212085,0.49629587127079,10–2,10,12,52.7,47.1,46.4,27.1,17.2,19.9,32.1,31.8,68.5,56.6,48.1,31.7,30.4,7.9,9.7,53.9,50.7,43.5,38.1,69.4,72.1,72.2
UNC Asheville,105.57766469739,108.1819766435,0.43039707466093,5–4,5,9,50.3,52.4,32.3,36.9,17.6,16.6,32.6,32.9,70.3,49.1,57.2,35.1,30.4,9.4,6,46.2,53.6,34.5,42,67.6,68.7,68.8
Dayton,120.32080699994,102.44286706843,0.86410921595649,9–2,9,11,56.8,49.4,40.3,29.9,13.1,16.1,29.5,24.6,65.9,58.2,50.1,36.5,32.2,8.8,7,64.3,47.4,41,37.7,65.9,72.2,76.2
Stephen F. Austin,90.066289233142,96.82540131542,0.30318445013307,3–6,3,9,45.1,47.1,32.9,39.1,26.9,21.7,40.1,31.8,66.1,48,48.1,26.1,30.4,11.4,10.3,47.5,53.7,32.9,39.1,65.7,56.5,63.4
Arkansas St.,103.34230400174,97.604406626069,0.65856997365719,8–3,8,11,46.2,46.2,41,41.8,17.2,18.4,32.9,30.8,73,48.3,45.9,29,31.1,12.1,10.5,44.1,51.3,44.7,38,71.6,69.4,66.7
Army,106.21037039873,113.47921125084,0.31836931547228,3–5,3,8,49.9,53.5,25.2,23.5,14.4,12.1,29.5,28.8,68.9,51.3,52.8,31.9,36.3,5.5,9.4,55.4,58.1,40.1,43.6,68.2,69.4,75
Oakland,98.094540342421,104.35669375598,0.32923318760581,2–6,2,8,45,52.3,25.9,25.9,16.1,15.7,27.3,31,63.6,48.7,50.6,26.5,36.7,7.4,11.6,44.1,65,40.9,39.9,62.5,59.8,73.5
Southeast Missouri St.,96.557427130289,102.68485503659,0.33013884976708,2–6,2,8,47.9,48.9,23,46.3,15.7,18,22.8,32.1,71.3,47.8,52.3,32,29.1,7,9.1,42.4,45.8,36.3,38.8,72.2,64.3,71.9
Binghamton,98.093916598896,111.04754947412,0.19366319202348,4–6,4,10,52.2,48.2,32.8,35.5,21.3,12.9,24.2,30.8,65.1,49.4,50.3,37.7,30.1,8.6,12.6,59.4,48.4,39.1,41.7,65.8,67.3,78.8
George Mason,105.19774033636,94.625566959245,0.77171357000795,6–4,6,10,51.1,42.2,45.3,30.4,21.1,18,35.9,32.8,66.7,53.4,42.2,31.3,28.1,6.6,6.9,50.6,51.9,35.9,44.4,67.6,72.8,74.9
Old Dominion,96.928609610109,113.61018416765,0.13869374414538,2–8,2,10,45.1,54,25.2,40.4,19,15.6,34.8,34.4,70,46,53.8,29,36.1,7.7,9.5,42.8,51.2,34,34.1,70,61.5,66.9
Green Bay,102.64345370024,115.86841321497,0.19881314000125,2–10,2,12,52.7,55.1,33.1,30.8,18.6,16.3,16.7,35.5,71.4,55.5,55.2,33.4,36.7,5.2,14.3,52.6,50.8,51.3,42,72.5,80.7,68.8
UNC Greensboro,100.33025380117,101.03811812865,0.47979811424553,4–5,4,9,46.7,46.6,29.5,29.8,16.8,15.8,33.5,30.5,65.6,44.1,47.8,33.3,29.7,8.6,8.8,56.3,53,43.8,38.4,65.3,73.7,74.5
Little Rock,94.813707901084,99.93531028715,0.35319959083442,4–5,4,9,47,45.4,30.9,42.7,21.7,21.6,28.2,38.4,70.2,45,47.4,33.9,28.9,17.9,8.9,57.3,59.6,34.7,49.5,68.2,66.3,72.7
Austin Peay,93.855024496365,101.40221751307,0.29122290795381,3–7,3,10,44.5,52.4,33.4,36.2,18.4,19.6,26,33.2,65.3,44.6,52.8,29.5,34.5,7.8,11.7,45.7,56.7,38.7,37.7,64.7,66.9,72.3
Rutgers,113.40835411189,103.91298903624,0.73215293568359,7–4,7,11,51.9,50.4,41.6,28.8,15.7,17.2,29.6,30.2,70.5,52.4,50.5,33.9,33.6,8.3,7.7,49.5,47.3,33.7,37.6,71.4,71,67.9
Detroit Mercy,96.254639195215,109.49021606715,0.1851802477957,4–8,4,12,46.4,53.7,29.4,37.2,18.9,16.1,33,26.3,68.3,42.3,55.9,38.1,34.3,7.6,9.4,44.3,59.7,27.9,48.7,68.4,70,68.6
Nicholls St.,100.03322865679,106.36932623557,0.33042343465072,4–5,4,9,44.1,49.6,26.2,40.8,15.1,14.9,29.9,30.2,70.1,43,53.2,30.6,29.7,9.4,12.9,44.3,54.5,39.9,41.7,70.3,63.8,73.3
Sacramento St.,92.311054888988,110.82432138078,0.10890287056072,1–9,1,10,46.5,52.2,31.5,41.9,22,17.5,27.3,27.8,66.2,47.3,54.6,30.4,32.9,7.1,9.6,52.6,57.4,47.1,47.2,66.1,67.1,71.9
William & Mary,112.14543860831,116.42868069585,0.39387643610324,3–6,3,9,54.5,55.1,36.4,40.4,18.4,16.8,30.3,31.5,72.9,59.4,55.7,33.4,36.1,6.2,10,58.4,48.3,53.3,40.4,73.1,77,70.3
Colgate,99.930179436513,110.43370479119,0.24060747203962,2–9,2,11,49.8,53.9,16.9,27,15.7,16.5,20.3,30.3,65.9,51.3,53.7,32.1,36,5.6,12.4,52,56.4,46.6,40.6,66.1,70.1,72.7
USC,109.55624530075,99.506003276047,0.75148183721694,8–4,8,12,53.4,49.6,38.9,34.4,16.2,19.6,25.4,29.6,69,54.5,49.6,34.2,32.9,9.1,8.7,59.2,59.1,33.2,37.9,68.9,75.8,74.5
Merrimack,98.809943900742,101.14461684743,0.43326049804966,5–7,5,12,47.2,48.1,26.6,35.6,15.4,20.3,21.1,36,65.1,48.6,47.5,30.1,32.7,9.6,9.9,44.5,59.8,40.6,40.5,65.7,75.6,70.9
UNLV,109.74879894737,104.68692,0.6325167949734,5–5,5,10,51.2,51.3,36.7,34.9,15.9,19.4,27.8,33.2,66.5,47.6,50.1,38.3,35.3,11.6,7,51.2,61.1,36.2,39.6,66.5,74,71.8
Illinois St.,110.55876679286,107.67735436059,0.57534455398076,6–4,6,10,57,51.9,32.7,28,16.4,15.6,24.4,24.4,67.5,55.4,52.5,39.2,34.1,4.9,9.9,53,49.6,45.2,45,66.8,79.6,74.1
Manhattan,106.53080137948,115.9063592269,0.27487905169042,4–5,4,9,49,52.5,30.1,25.8,17.2,15.1,31.6,31.4,69.1,48.4,51.5,33.2,36.2,6.3,11,55.9,53.9,41.5,35.1,70.8,75,70.8
Princeton,108.8143657049,108.6642989319,0.50396758905849,7–4,7,11,54.2,52,32.1,32.6,15,18.5,23.8,27.1,68.3,51.7,53.1,38.1,33.7,4.2,13.2,57.4,52.5,46.9,42.2,68.8,68.7,71.8
Utah,112.58846269594,97.74975249981,0.83552183824615,8–2,8,10,57.7,43.4,36.2,31.2,15.2,19.3,34.7,25.9,71.1,58.1,41.2,38.2,31,10.7,12.5,69.1,52.8,47.4,41.1,72.5,64.2,70.1
Louisiana Tech,109.71923,102.82516,0.67836925861219,8–2,8,10,56.4,46.9,32.5,27.7,19.6,16.8,29.3,32.5,67.5,56.1,48.1,38,30,14.3,8.7,58.9,54.2,39.2,40.3,65.8,75.4,65.7
Youngstown St.,96.097254880391,100.17282932039,0.38280324496194,6–5,6,11,45.6,47.1,35.3,39.2,16.6,19,28.1,32.6,69.6,49.3,46.4,27.1,32.6,13.5,10.7,47.1,47.6,43.4,29.2,69.8,69.2,68.9
Jacksonville,99.402337712904,100.85490162518,0.45838817170229,4–5,4,9,48.1,53.4,27.1,36.6,22.5,19.8,34.1,31.3,70.5,45.5,54.3,35,34.5,13.4,11.4,51.1,54.9,38.3,38.3,71,67.8,63.4
Tennessee St.,98.873168891707,112.08382430079,0.1912041493456,1–7,1,8,48,53.8,36.2,38,20.2,16.9,34.9,31.1,74.6,51.9,53.2,26.4,36.6,7.4,7.7,38.7,49,31.7,36.4,73.3,61.3,69.6
Stanford,114.10599973812,102.63683190966,0.77174774205461,9–2,9,11,51.9,48.9,36.9,35.7,14.1,18.8,33.9,26.2,69,52.7,49.9,33.9,31.4,11.7,6.4,56,36.5,41.1,33.9,68.1,74.4,76.1
Longwood,100.55227,104.38441,0.39409519499799,7–3,7,10,48.5,53.1,44.6,34.9,19,23.7,33.8,31.5,69.9,53.3,56.6,27.1,31.3,8.3,8.8,50,44.2,37.7,35.4,69.8,74.7,66.1
Sacred Heart,104.24716744695,107.36591129832,0.4160530190128,4–7,4,11,50.5,51.7,25.6,33.9,18.3,17.9,27.6,29.4,70,46.8,51.7,37.4,34.5,8.6,12.4,53.7,65.6,39.9,45.6,70.8,74.4,72.5
Western Kentucky,103.65760202528,96.2448815945,0.70125263638178,7–3,7,10,50.4,43.5,37.1,39.7,16.5,17.7,23.2,26.4,75.5,49.2,45.9,34.9,26.9,8.5,12,43.7,55.3,38.1,43.4,73.7,72.9,75.8
UT Arlington,110.47682,110.02473,0.51178694448486,4–6,4,10,53.6,48.4,36.4,42.4,18.3,15.5,32.9,32.1,70.4,48.6,49.5,39.9,30.9,7.4,11.1,55.6,55.6,44.3,34.7,70.8,69.3,73.1
Fordham,103.04436926371,104.85390100975,0.45011763385819,6–5,6,11,49.3,51.7,32.2,34.5,19,18.8,30.9,27.8,72.3,49.9,50.7,32.2,36,7.3,8.6,51.7,55.5,40.7,30.4,71.9,70.4,69.5
Alabama St.,108.24721029452,112.8421546777,0.38270503327007,3–6,3,9,48,53.9,31.1,42,12.7,16.4,23.7,35.2,71.5,44.1,54.2,35.1,35.7,7.7,9,45.4,55.3,45.7,43.6,71.2,71.9,69.8
Wichita St.,106.04635566881,101.52723933895,0.62265098969442,8–3,8,11,49.7,49.6,39.3,25.4,14,16,25.4,29.6,71.5,51.8,50.2,30.2,32.6,12,10,47.5,58.2,32,42.7,72.4,72.3,59.7
Texas Tech,119.88009649628,97.10797068253,0.91854115321552,8–2,8,10,59.4,46.9,28.5,30.7,16.4,20.9,36.6,27.5,68.4,59.2,43.8,39.8,34.6,8.9,6.8,59.4,47.3,40.9,38.1,67.4,78.4,65.7
Boise St.,113.61590483964,97.869229647552,0.84757414460454,7–3,7,10,51.1,46.6,43.1,26,15.7,15.6,33.7,23.4,68,54.3,48,30.4,29.5,7.2,10.1,57.9,40,37.5,37.5,69,78.5,71
