Team,EFG%,EFGD%,FTR,FTRD,TOR,TORD,ORB,DRB,A?,2P%,2P%D,3P%,3P%D,Blk,BlkD,Ast,AstD,3PR,3PRD,B?,C?,D?
UC Santa Barbara,56.3,46.3,27,26.6,18.9,16.6,29.7,25.7,67.4,55.5,47.5,38.2,29.7,7.9,7.7,52.8,44.7,45,39.6,66.4,75.7,73.1
Arkansas Pine Bluff,50.9,61.2,25.9,37.1,23,14.3,23.2,41.9,73.9,55.5,66.5,29.5,36.9,5.2,8.1,46.6,65.4,41.3,48,74.5,66.5,70.6
Toledo,49.9,55.2,32.7,25.4,13.5,16.1,24.7,31.9,70.9,49.3,57.3,34.2,34.6,7.5,9.2,47.4,44.1,30.7,38.3,72,71.4,69.8
Indiana,54.7,48.2,36.7,26.9,19.1,17.3,33,29,70.8,56.7,48.4,33.7,31.8,10.5,6.5,58.9,55.4,32.2,38.1,71.8,74.8,68.1
Louisiana,47.3,54.8,30.1,45.2,17.3,18.9,25.7,36.6,67.2,46.2,54.6,32.7,36.8,8.2,10.5,50,47.8,40.1,35.2,68.9,69.9,72.1
Central Michigan,48.9,52.4,31.2,38.9,21.5,17,30.9,27.1,69.7,52.4,53.3,29.5,34.2,8.4,10.2,56.2,57.1,43.5,46.2,71.3,72.6,70.3
Brown,54.2,46.1,30.7,27.7,17.3,18,31.8,32.8,65.7,54.8,45.8,35.6,31.3,13.7,10.7,55.5,39.6,42.4,31.6,65.9,64.8,71.4
Wright St.,56.7,52.8,26.6,29.8,16.8,13.7,20.6,25.1,68.2,54.9,53,39.7,35,7.7,9.1,51,52.3,39.2,36.2,68.2,72,67.7
UC Irvine,50.8,43.1,33.3,23.1,19.9,18,28.5,22.9,69.8,50.6,42.8,34.1,29.1,8.3,7.4,63.9,45.1,32.7,32.6,71.6,83.8,71
Montana,51.7,53.4,35.3,33.3,19,15.1,24.7,32.5,70.8,56.1,55.8,30.3,32.6,8.6,10.5,48.5,49.1,41.3,34.8,70.7,73,78.9
UAB,50.3,50.1,32.7,31.2,14.9,16.6,38.3,29.9,72.3,51.6,50,31.4,33.6,9.9,9.1,48.7,47.2,30.1,37.1,71.8,71.9,76.7
Tulane,48.4,47.5,33,36.1,16.2,18.5,29.6,29.5,68.6,47.9,45.6,32.7,33.2,16.3,10.6,59,65.1,42.5,44.1,68.1,77.3,75.1
FIU,46.3,50.3,36.2,40.2,17,19.9,29.1,29.3,70.5,48.8,54.5,27,28.3,10.3,7.5,49.6,58.4,30.4,35.3,71.1,69.1,71.7
BYU,56.7,49.5,27.2,29.3,16.4,19.1,37.6,18.5,68.6,59,46.1,36.1,35.8,13.7,6.3,S,53.5,47.5,44.3,69.3,68.2,69.6
Illinois Chicago,48.8,53.4,33.5,34.6,21.5,15.3,37.8,27.5,70.4,49.7,50.9,31.6,38.8,8.6,11.8,55.5,55.2,39.8,33.6,71.3,72.1,65.9
Xavier,54.9,48.2,35.9,32,16.4,17.2,29.2,24.8,69.6,50.9,45.9,40.7,35.2,7,13.3,64.1,56.5,38.6,33.9,70,78.5,70.9
Charlotte,48.5,52,52.1,34.4,13.9,15.1,28.7,33.7,65,50.5,55.4,30.2,30.3,6,11.4,57.8,49,37.6,34.8,64.9,72.2,64.8
Canisius,48,56.5,20.7,31.9,19.1,14.4,19.9,34.6,66,46.8,59.4,33.1,34.9,7.1,10.7,49.4,58,43.2,41.3,66.9,80.9,73.5
Wake Forest,48,45.5,33.9,26.4,17.7,21.5,29.4,31.5,67.7,54,44.2,26.6,31.3,15,4.7,52.4,55.3,42.8,45.2,66.9,72.9,77
Florida Atlantic,55.7,52.2,38.1,31.9,16.2,19.3,26,29.8,72.8,55.7,46.9,37.1,39.8,10.3,8.4,57.7,55.3,41.5,41.6,73,70.8,73.4
Northeastern,51.9,47.2,31.3,30.6,18.5,17.3,29.3,28.1,69.4,53.4,46.4,32.4,32.4,12.3,11.2,51.9,48.8,31.6,35.4,70.5,66.8,65.7
Robert Morris,45.7,51,36.9,33.8,19.9,18.3,31.8,21.7,70.7,46.2,52.3,30,32.4,10.8,9.6,51.7,48,37.2,36.4,70.4,74.8,76.2
Seattle,48.5,58.5,45.8,35.1,18.6,18.1,31.7,24.5,68,44.9,61.2,35.6,36.5,3.9,8.4,52.5,57.7,42.2,41.9,67.2,73.9,69.4
Villanova,58.3,49.7,28.9,32.7,17.5,16.7,37.5,28.4,64.2,56,47.5,40.6,35.2,7.6,6.9,50.6,57.4,46.4,41.7,65.8,80.1,68.7
Howard,52.2,55.5,27.8,35.9,20.6,15.7,25.6,29.7,69.1,49.6,60.1,38,32.8,3.6,8.1,57.3,45.2,35,41.8,69.1,75.5,74.9
Utah St.,52.6,50.1,39.4,27.5,16.9,22.7,40.8,28.5,69.9,56.1,53.2,31.4,30.8,11.1,11.3,59.2,54.1,38.3,43.9,70.9,75.7,66.5
Marist,52.6,50.7,22.5,32.6,16.8,17,29.3,26.3,65.1,53.1,51,34.6,33.5,8.5,6.8,49,45,38.8,37.7,65,67.2,73.1
Portland St.,50.3,55.2,36.6,36.5,17.6,18.9,34.6,32.9,71.9,51.6,51.5,31.7,40.8,16.2,9.2,49.4,56.2,33.6,38,71.6,64.5,77.7
Denver,48.5,52.9,31,44.8,18.1,17.1,25.9,31.1,68.4,48.7,59,32,28.5,4.1,10.5,46.9,54.1,39.5,37.7,67.6,77.6,76.7
Cal St. Northridge,51.4,48.4,39.3,49.9,18.8,20.2,32.8,25.1,73.6,51.8,46.5,33.7,33.3,14.5,6.9,53.2,63.2,30.9,54.2,73.4,71,76.3
Maryland,57.4,44.5,31.4,25.6,13.1,22.1,33.7,23.6,70.9,59.3,45,36.4,29.2,12.9,4.5,49.7,47.1,39.3,39.7,71.4,73.6,66.5
Rice,48.6,44.5,53.4,36.9,20.4,16.8,33.2,30,67.1,48.2,45.5,32.8,28.6,9.2,8.9,52.9,43.1,41.6,37.9,67.5,70.2,67.8
Abilene Christian,48.8,56.7,46.5,56.5,18.4,21.3,27.5,26.2,68.2,50.7,52.5,29.2,43.2,8.1,7,52.4,51.6,27.5,34.3,68.1,71.8,70.9
Rider,46.3,51.8,35.2,26.1,20.1,16.6,34.3,33.7,65.2,48.7,51.6,27.4,34.7,7.8,10.7,49.8,54.2,31.5,42.3,64.6,66,68
Boston College,47.8,48.8,32.5,38.4,17.6,16.9,33.2,25.9,67,46.7,47.3,33.5,34.2,12.2,8,46.7,52.7,32.8,39,67.4,72.9,71.2
Arizona,52.6,48.2,38.7,31.5,17.7,19.7,40.7,26.1,72.2,56.3,45.6,30.2,34.2,11.3,5.9,53.8,58.2,33.5,46.4,72.5,73.9,70.1
Penn St.,58.7,48.4,38.1,31.4,16.1,23.9,31.6,26.6,73.9,60.2,47.5,37.5,33.2,12.9,6.4,60.6,60.6,37.8,38.4,73.8,73.6,67.5
Hawaii,53,48.8,45.3,45.8,20.3,13,32.9,22.8,67.1,56.7,47,31.2,36.1,7,9.9,45.1,38.2,37.2,25.3,66.6,69,74.4
San Diego,44.7,50.2,29.7,37.9,20.5,20.2,28.7,32.8,72.2,47.6,49.3,26.4,34.4,12.8,11.5,50,51.2,36.5,37.3,73.1,69.8,67.6
UC Davis,47.9,48.5,44.6,38.3,21.3,22.8,26.2,32.9,72.3,46.3,50.4,33.7,30.3,11.3,7.6,45.6,52.2,37.2,38.5,72.6,72.3,74.5
LSU,53.4,43.2,36.1,27.8,19.1,18.4,36.1,33.6,70.4,56.3,43.6,32.9,28.3,12.9,9.9,49.8,43.4,41.3,35,69.8,75.2,68.8
Fresno St.,43.5,51.3,35.8,23.2,17,20.4,27.7,33.7,75.1,45.9,53.4,26.3,32.1,7,9.4,40.8,47.3,35.8,39.2,75.6,67.8,68.8
UMKC,47.4,54.1,31.4,34.8,19.7,18,29.6,29.8,67.4,47.1,59.1,31.8,31.5,8.4,7.1,54.3,48.5,46.8,42,66.6,76.6,70.8
Baylor,56.6,54.2,27.4,36.4,15.5,22,39,30.1,67.3,56.4,50.6,38,39.5,9.9,11.4,56.2,61.8,40.1,41.7,67.2,68.8,68.2
Oral Roberts,46.6,57.6,31.4,36.8,18,14.9,23.5,34.2,68.7,44.7,59.9,32.5,36.1,5.4,13,42.1,63.6,45.9,40.6,70,78.3,68.8
Ohio,52.3,54.4,32.3,40.4,15.9,19.6,25.8,29,71.2,52.9,49.3,34.4,43.5,8.2,8.5,52.5,50,42.7,31.8,71.6,77.5,67.3
Winthrop,48,51,52.3,38.8,18.8,22.2,33.8,33.3,75.1,53.4,50.1,26.7,34.8,10.6,14.3,40.2,48.3,40.3,41.4,74.7,66,67.5
Northern Illinois,42.6,55.3,33.2,43.3,16.7,17,17.4,31.1,70.6,42.6,52.5,28.3,40.2,10.1,9.4,54.1,51.4,48.2,36.7,71.1,74.1,74.4
Georgia Tech,49.3,48.4,33,37.2,16,14.9,30.3,25,72.8,49.5,46,32.6,34.9,8.8,7.9,55.9,49.8,38,38.4,71.8,68.6,71.3
Kent St.,44.7,45.9,29.3,40.1,16,20.1,35.4,25.8,64.6,45.5,45.6,29,30.9,11.1,8,48.3,65.5,41.3,41.9,65.5,77.1,76.1
Marquette,54.1,50.5,27.2,28.9,13.1,23.2,31.9,29.3,69.3,58.9,52.7,32.5,31.6,10.9,5.9,50.3,61.6,46.6,40.6,69.5,74.4,71.2
Weber St.,49.3,52.1,33.9,43.7,16.6,16.1,28.5,31.7,66.1,50.8,49.1,31.3,38.3,7.2,10.1,40.2,57.7,39.6,36.4,66.9,70.9,71.4
Maine,49.8,51.5,24.8,32.1,16.8,21.6,24.3,32.8,67.7,51.4,51.7,30.9,34,5.9,6.2,51.1,53.5,30.8,38.7,68.9,80.1,72.3
Radford,48.9,51.2,43,36.7,18.4,16.5,35.6,28.4,66.4,48.5,49.1,33.1,35.9,9.6,9.4,44.9,58.4,36.2,44.8,65.6,71.9,73.5
Kansas,55.7,46.5,20.2,34.7,15.6,17.7,28.5,23.5,69.9,57,46.3,35.4,31.2,13.1,6.3,61.3,49.6,33.5,40.7,70.2,71.4,73.6
SMU,53.8,45.9,40.8,33.4,16.4,18.4,39.8,27,71.1,53.5,42.4,36.3,33.8,12,9.6,56.4,59.1,35.5,41.2,71.6,73.6,74.3
Richmond,47.8,53.2,40.8,41.1,15,13.7,19.1,23.9,67.7,51.3,53,29,35.6,6.4,8.9,46.1,53.7,45.3,48.1,68.2,76.7,72.5
Providence,51.3,44.4,34.8,34.9,18.4,15,34.5,27.3,64.9,52.2,43.8,33.6,30.4,8.3,9.2,53.8,44.8,49.7,33.5,64.8,67.8,68.8
Louisville,50.1,51.4,36.7,31.4,17.7,21.3,34.7,28.8,70.1,59.4,50.3,28,35.5,8.7,9.6,50,48.7,53.3,39.5,69.4,70.7,68
Davidson,53.2,51.3,31.2,31.7,14.7,15,27.7,28.9,67.5,53.5,48.9,35.2,37.1,7.7,10,58,44.4,42.1,35.2,67.3,73.8,70.8
North Florida,53.6,54.8,23.3,29.8,13.6,14.6,29.1,33,73.1,55.5,54.3,34.6,37.1,5.8,14.2,50.3,55.7,53.5,32.2,73,64.2,63.5
Missouri St.,49.3,55.6,40.5,41.1,18.8,20.5,35,27,67.9,45.1,56.5,38.5,36.1,6.7,12.3,47.2,52.3,33.3,36.9,67.3,68.8,70.6
Vanderbilt,55.2,49.4,35.5,30.4,12.6,22.8,32.2,29.3,70.7,60.5,46.5,31.9,36.4,11.8,9.8,50,48.5,41.9,36,72,73.8,68.4
Washington St.,56,48.9,34,32.4,20.9,16.6,34,30.1,73.5,59,49.6,34.8,31.9,15.6,9,56.8,47.1,44,37.3,72.8,70.5,66.1
Akron,52.2,54.7,26.2,32.7,16.6,19.5,34,33.2,72.6,48.4,54.6,37.9,36.6,7,8.6,62.4,49,45.5,37.1,73,70.7,69.7
Bowling Green,52.4,52.7,29.1,32.6,15.7,17.6,24,31.2,70.2,52.7,53.5,34.6,34.3,6.6,13.1,44.6,57.9,40.9,37.6,70.8,80.5,79.3
Memphis,53.6,50.9,45.6,33.6,19.5,18.9,33.2,32.7,69.7,48.8,48.8,41.9,35.7,12,12.1,49,60.8,34.6,44.2,70.9,73.9,73.8
Central Arkansas,44.1,56.4,29.8,24.5,17.5,19.2,27,31.4,68.8,46.8,55.8,27.5,37.9,7.5,15.4,58.5,64.2,49.2,56.6,67.9,71.6,71.3
Murray St.,52.5,48.7,44.6,34.2,17.2,15.8,27.1,26.7,68,51.4,50.8,36.3,29.3,7.9,10.2,49.3,31.4,36.8,32.1,66.1,70.1,70.8
American,50.6,53.3,31.3,42.1,20.2,16.5,26.4,31.2,65.6,51,54,33.5,34.5,7.3,10,49,40.9,45.5,30.3,65.3,74,73.8
Notre Dame,54.3,48.4,27.3,25.8,15.9,14.3,27.7,26.9,66.6,55.2,50.9,35.3,29.9,5.9,9,45.7,58.4,39.1,41.7,66.6,73,72.7
Creighton,55.1,45.6,29.6,18.5,19.6,12.9,24.9,27.8,70.9,60.1,44.6,33.6,31.4,11.3,10,63.8,41.6,51.7,36.6,70.7,77.3,72
Duke,54,41.2,29.9,25.1,15.5,20.3,34.4,27.2,67.5,55.4,40.5,35,28.1,10.6,7.8,57.4,55.1,48.1,40.4,67.6,73.9,78
Indiana St.,59.1,51.4,29.6,39.4,21.2,16.8,26.5,28,74,61.3,52.1,38,33.5,5.2,10.6,55.6,40.7,51.4,37.3,73.9,74.6,70
UCLA,54,45,34.4,33.2,16,27.1,35.2,28.1,68.1,55.1,46,34.7,29.1,9.6,5.1,57.9,59.5,34.2,41.7,67.9,69.5,69.9
Pacific,45.6,50.2,35.9,36.7,18.9,14.5,30.6,25.9,68.8,49.4,50.1,26.5,33.6,7.7,8.8,53.1,57.1,38.8,36.5,69.1,74,74.2
Texas A&M,47.4,45.7,42.4,30.8,18.7,20.8,43.7,30.4,68.2,47.9,46.7,31,29.7,13.6,14.2,50.7,61.6,38.1,47.3,68.2,69.6,74.1
North Texas,49.9,48.2,36.2,48.3,17.5,25.7,31.6,26.3,62.7,46.8,50.3,36.3,30.4,9.2,9.5,48,55.1,40,45.2,65,74.3,70.3
Nevada,58.4,47.8,39.1,34.2,16,18,29.8,28.3,65.8,55.7,46.5,41.9,33,10.8,9.3,59.5,55.9,38.3,43.8,64.5,69.8,70.7
UTSA,48.3,52.6,29.8,43.9,18.8,19.5,30.4,36.4,71.3,46.2,52.4,34,35.3,9.5,13.9,43.2,58,43,38,72.6,82.4,68.1
Mississippi Valley S,38.3,61.6,26.4,45,27.2,13.9,22.4,41.5,64.9,39.3,65.5,23.6,38,4.7,11,39,61.3,25.2,45.2,65.2,70.4,72.8
Gardner Webb,53.9,51.6,36.5,33.5,23.8,15.3,33.5,31.6,70.6,55.5,53.6,33.8,32.2,9.2,7.6,42.1,53.2,32.6,37.8,70.8,68.6,74.3
Prairie View A&M,48.5,61.5,36.5,45.5,15.3,18.1,24.2,43.4,75.1,47.6,62.7,33.5,39.6,6.8,11.1,46.4,60.2,32.5,36.1,73.7,74.2,73.6
Chattanooga,52.4,52.5,33.1,30.3,16.6,16.5,26.4,29.6,68.6,57.8,52.1,31.2,35.4,3.6,10,59.8,50.2,49.1,37.9,68.1,77.1,68
Georgia Southern,49.8,51.5,30.1,46.3,20.6,19.7,31.4,30.1,74.1,50.8,56.5,32.3,30.4,9.2,9,46,53,42.4,45.8,73.3,65.1,72.6
Northern Arizona,50.2,53.6,28.9,37.8,15.5,12.9,34.7,26.3,67.6,52.4,50.2,31.4,39.6,4.8,8.6,53.2,51.9,41.3,36.9,67,64.3,71.7
Nebraska,52.2,48.2,44.2,29.1,16,21.3,28.2,28.9,72.4,54.9,48.4,31.8,32,10.2,7.9,52.9,53.5,37.3,52.6,70.3,75.3,71.3
Yale,54,49.8,34.9,41.2,15.2,15.5,32.5,26.3,68.9,52.9,47.6,37.5,34.9,10.4,8.8,60.9,55.5,32.7,46.9,69.2,73.9,78
Tennessee Martin,43.1,52.7,31.1,35,20.9,15.6,32.2,31.4,69.6,47.5,56.2,25.5,32.8,7.9,14.1,44.4,58.8,47.5,50.2,69.2,69.5,67.1
Morehead St.,46.5,53.2,45.7,35.8,20.4,12.7,30,27.7,67.9,45.6,57.8,32.2,31.1,5.4,11.4,49.1,49.8,34.2,40.7,68.5,62.6,76.6
Tennessee,57.1,40,33.8,26,16.7,21.9,40,28,66.8,59.6,43.3,35.8,24.4,19.2,5.7,58.4,47.1,42.3,49.6,67.1,74.5,74.5
Texas St.,50.9,50.2,39.9,43.4,20,16,34.6,29,66.5,48.6,48.8,38.5,34.9,10.6,7.1,52.2,55.6,25.1,38.9,66,78.4,64.5
Jackson St.,41.7,59.4,28.2,27.3,21.9,15.4,26,30.4,72.2,39.6,56.2,30.2,41.9,9.1,11.8,44,69.5,36.1,47.4,71.2,67.9,70.9
Mississippi,54.1,47.2,36.8,37.2,12.9,23.6,30,28.8,68.3,52.6,48.3,37.3,30.6,17.1,10.7,58.3,57.4,42.6,46.2,68.6,73.9,67.9
Wyoming,49.3,48.6,40,38.1,21.8,14.4,34.9,26.9,67.9,50.2,50.7,31.8,29.7,7.8,7.7,44.1,40.9,36.5,35.6,67,65.3,72.2
Minnesota,48.6,48.7,33.4,28.5,16.1,19.2,28.9,30.7,63.1,51.4,48.3,29.1,33,14,9.8,63.9,55.3,36.2,34.1,62.8,63.5,71.2
Illinois,51.6,41.4,39.9,27.7,15.4,14.3,36.4,25.3,72.1,54.7,42.4,32.4,26.4,10.8,8.8,54,42.7,51.6,34,72.6,73.5,61.5
LIU,45.8,52.8,30.7,54.6,19.5,17.4,30.2,31.4,67.8,46,53.8,30.3,34.2,8.3,14.4,43.8,59.3,34.1,41.4,68.6,70.6,73.2
UTEP,50.7,52,39.6,53.8,19.3,26.6,26.7,34.9,68,46.8,52.6,38.7,34.1,14,9.5,49.7,66.3,34.6,43.3,69.9,73.8,76
Loyola Chicago,52.4,47.1,36,35.5,15.5,19.6,32.3,24.4,69.7,53.9,45.7,33.5,33,14.8,9.9,65.6,50,40.3,37.7,69.5,64.1,68.9
Texas,58.5,45.5,37,28.4,13.2,20.5,30.3,27,68.9,57.4,43.3,40.3,32.9,12.3,6.4,51.5,50.8,34.3,35.7,68.7,71.4,65.4
Maryland Eastern Sho,43.8,55.8,35.3,34.2,19.2,12.6,22,37.3,68.6,43.2,61.3,30,32.7,5.3,8.6,37.2,54.9,36.1,45.1,69.1,65.1,72.2
Western Illinois,49,54.2,23.2,33.2,17,13.8,30.8,30.2,64.2,47.3,56.3,34.5,33.9,9,4.8,36.2,45.4,39.8,38.2,64.5,70,73.7
Fairleigh Dickinson,50.8,54.3,28.5,36.5,17.8,15.1,25.1,39.3,71.2,49.3,58.6,35.4,31.1,7.8,9,50.2,50.2,38.6,35.5,71.4,72.8,76.2
Cornell,57.4,49.2,30.1,31.9,17.4,17.1,26.6,34.3,73.6,61,49.5,35.8,32.5,7.5,5.5,65,48.8,50.6,35.5,72.8,72.9,73.5
West Virginia,52.9,43.4,29.6,31.3,16.5,20.3,29,31,68.3,51.8,43.7,36,28.6,16.7,10.5,54.7,45.2,49.8,36.8,66.9,78.9,73.3
Oklahoma,56.3,48.4,36.6,30.1,16.6,21.7,31,33.1,69.2,56.5,54.1,37.4,27.1,6.3,9.8,53.9,43.3,45.4,42.1,68.7,79.8,70
Queens,49.5,52.7,32.7,33.7,19.3,18,28.2,33.9,72.7,50.2,54.8,32.5,32.9,13.1,13.8,59.4,42.8,46.3,37.6,70.6,62.1,60
Southern Illinois,48,51,33.1,31.6,19,15.6,31.9,29,70.2,47.7,48.4,32.5,36.9,8.4,10.2,52.3,53.9,29.4,37.4,70.7,67.8,71.8
San Diego St.,52.3,43.3,26.9,32.6,15.6,16.9,27.5,32.7,67.2,51.1,41.6,36.4,30.2,19.7,7.5,50.2,52,35,44.4,66.2,68.5,72.2
Nebraska Omaha,47.7,54.5,30.3,38.6,18.8,15.6,27,26.3,67.8,46.4,54.7,33.1,36.2,6,10.6,50.2,59.8,39.4,42.1,68.7,72,71.9
Texas A&M Commerce,49.5,55.4,32.8,39.5,25.3,19,28.5,33.2,69.9,53.2,55.7,30.4,36.6,9.9,13.9,53.3,58.2,48.3,37.7,70.2,65.2,69.1
DePaul,57.3,46.5,30.9,27.6,18.8,16.9,31.1,27.7,69.9,54.8,47.5,39.8,29.6,9.7,10.6,66.8,48.9,51.2,31.4,69.4,68.5,67.4
UT Rio Grande Valley,52.2,53.6,23,35.1,18.2,19.4,29.9,30.8,72.8,58.6,58,30.4,30.3,2.3,5.5,51,49.2,49.2,34.9,72.6,76.5,74.2
Chicago St.,41,54.3,26.6,39.8,19.1,17.2,25.1,37.2,71.3,38.9,55.2,29.4,35.3,11.4,10.1,48,60.3,40.1,41.2,71.1,66.5,74.1
South Dakota,50.8,53.5,46,33.5,14.1,17.6,34,37.4,74.5,53.3,52,31.1,37.4,8.5,8.1,43.9,48.2,38,38,75.1,70.2,69.1
Montana St.,53.6,49.2,28.3,35.7,15.5,16.8,22.9,29.7,68,51.7,52.8,37.2,27.7,6.2,10.3,57,48.8,45,31.8,67.8,73.2,80.2
Oklahoma St.,50.1,54.4,41.9,35.1,17.3,21.8,34.4,26.1,72.4,49.1,55.1,34.6,35.7,9.9,10.8,52.5,47.5,34.8,43,73.1,73.6,65.3
Wagner,39.6,50.2,26.2,41.2,20.1,19.6,30.8,26.9,61.3,36.7,50.4,29.6,33.3,5.4,10.2,55.2,58.6,37,44.2,61.8,68.5,66.5
Bethune Cookman,45.1,49.8,26.9,31.8,18.1,18.1,24.4,35.4,69.4,44,48.8,31.5,34.2,10.2,12.4,42.8,54.6,33.9,41,70.5,69.5,74.9
Wofford,50.6,54.3,21.4,39.6,17.8,15.9,34.7,29.3,65.3,53.6,53.5,31.5,36.8,7.9,11.1,58.9,53.1,46.7,43.1,65,66,67.1
Cal Poly,55.5,54.5,29.8,34.1,23.3,18.3,28.7,32.5,77.1,58.5,53.8,35,37,6,11.4,53.9,50,49.5,38.8,77.2,75.2,71.3
Towson,43.1,51.3,29.9,36.8,16,17.5,34,29.2,64.2,43.3,52.4,28.4,33.1,8.5,8.7,40.9,47.9,34.7,40.1,64.1,66,71.4
Delaware St.,43,55,32.1,37.3,17.6,18,32,30.9,70.9,42.5,56.6,30.2,35.6,9.1,8.3,41.5,64.1,17.4,48.2,71.7,68.6,71.8
Norfolk St.,51.4,52.9,38.2,37.1,18.8,18.9,26.8,35.7,67.1,51.9,55.6,33.5,33.7,7.4,10.8,46.8,67.8,30.6,54.1,67.3,77.6,70.2
Vermont,47.2,48.8,31.4,27,19.4,16.8,23.9,30.4,65,47.4,49.6,31.3,31.6,12,12.5,50,38.3,45.2,33.5,65,77.2,73.1
Liberty,59.7,47.2,31.6,26.9,17.4,18.1,24.3,24.8,65.5,59.6,48.5,39.9,29.5,7.3,6.4,58.7,39.2,45.7,31.3,64.8,63.6,73.9
UNC Wilmington,48.5,51.1,45.8,36.1,15,18.1,33,29.1,68.6,52.5,53.5,28.5,31.7,10.6,10,50,46.7,40.8,40.4,68.2,75.4,67.5
Le Moyne,48.6,51.6,35,36.4,19,16.4,23.3,35.6,70.8,52,54.5,29.1,31.8,6.2,10.3,57.5,56.1,40.8,42.7,70.1,72.3,71
Presbyterian,50.9,53.7,30.2,32.6,17.8,17.5,31.1,30.2,66.1,48,52.8,37.5,36.8,8.3,9.8,46.7,52.9,34.5,39.7,67.1,62.3,68.9
Michigan,57.2,45.1,34,27.4,20.8,20.7,37.1,32.8,71.3,62.1,43.5,33.7,32,12.5,6.2,57,37.6,42.3,36.1,71.5,69.9,72.4
Bellarmine,53.9,57.7,30.1,34.6,20,14.9,21.7,29.5,68.8,54,56,35.9,40,4.7,8.3,59,49.8,45.4,43,68.2,80.8,75.1
East Carolina,46.9,50.4,37.3,33.4,15.1,19.6,33.2,31.2,65.8,50.5,48.8,26.9,35.3,11.1,8.6,45.8,61.1,35.3,38.9,65.7,74.5,66.8
Northwestern,48.7,47.9,34.3,30.1,13.7,20.1,30.4,24.9,66.5,48.6,49.3,32.7,30.4,9.4,7.7,55.4,64.7,30.3,39,66.1,72,67.8
Eastern Illinois,43.5,54.6,26.9,41.3,18.3,19.2,26.4,32.1,69.3,43.2,56,29.6,35.7,7.7,11,41.8,68.1,28.1,53.9,68.4,62,78.1
Buffalo,51.3,52.2,34.3,25.8,18.8,14.9,20.9,31.1,72,54.6,49.4,31.3,38.3,9.5,11.5,51.2,52.1,42.9,35.3,70.4,68.6,72.4
Northern Kentucky,48.4,53.8,32.9,28.1,18.5,20.9,28.7,31,67.1,51.4,50.1,29.5,39.6,9.3,7.7,57.4,53.5,42.2,39.3,67.2,64.9,71
Valparaiso,46.2,54.9,41.2,38.6,14.8,17.9,29.4,27.9,69.7,46.9,56.1,30.1,35.2,6.2,9.6,45.3,43.2,39.4,35.8,70.4,82.2,69.9
Mercyhurst,47.6,57.7,28.2,39.8,17.8,20.5,22.6,37,64,46.1,55.6,33.5,40.7,7.6,10.4,54.1,58.8,35.5,37.7,64.9,77.4,68.1
Elon,52.2,45.7,38.4,21.1,19.1,11.9,34.2,29.3,66.2,51.4,44.2,35.6,31.7,13.6,11,54.8,63.7,42.4,45.3,66.1,70.2,74.6
Appalachian St.,48.9,46.9,38.2,23.2,20,15,28.9,30.6,66.1,49.1,50.5,32.3,28.2,9.3,10,49,49.8,41.3,43.7,66,62.8,75.8
West Georgia,46.4,55.9,24.2,34.6,18.1,17.3,27.4,32.4,69,47.3,58,29.4,35.6,11.2,8.8,48.7,58.8,29.6,45.9,68.4,67.4,73.2
Cleveland St.,44.9,53.3,31.5,44.1,22,24.5,33.5,34.3,67.6,47.6,53.2,26,35.6,14.7,13.4,44.8,57.7,30.8,38,67.9,74.6,73
Utah Tech,46,53.3,33.9,38.1,16.2,17.7,25.1,38.1,68.5,48.1,56.7,28.6,31.1,7,12.4,53.4,50.3,41,33.7,68,65.4,68
St. John's,53.7,46.3,31.5,31.4,16.7,21.5,40,29.2,71.2,56,43.6,32.8,33.7,17,7.8,53.9,52.5,33.8,38.9,71.2,70,65
Long Beach St.,48.4,52.3,33.2,36.6,22.6,17.3,28.9,35.3,65.3,45.5,52.6,35.5,34.6,6.6,9,50.4,50.2,37.5,36.8,64.7,71.4,66.5
Samford,56.3,53.7,28,37.4,18.3,21.9,33.9,37.6,72.8,54.9,57.3,38.5,32.1,10,8.9,60.2,62.7,47.8,38.7,72.3,69.1,72.1
Eastern Washington,51.3,58.3,30.2,37.2,18.1,20.8,27.1,37.3,69.8,52.8,57.4,32.6,39.8,6.9,7.9,56.1,56.3,38.3,40.2,68.7,75.4,69.4
Kansas St.,55.2,48.8,31.2,27.2,17.8,20.4,34.1,31.2,69.4,54.9,47.2,37.2,34.4,9,8,60.8,53,42,36,69.5,68.1,76.3
Alabama A&M,42,55.9,34.8,46.9,20,20.7,33.3,41.2,71.2,40.8,51.3,29.4,41.3,10.9,9.4,50.3,59.4,36.8,42.5,71.6,64.1,75
Charleston,53,51.1,31.2,29,19,18.6,26.3,29.7,72.2,51.4,53.4,37.1,32.1,7.5,10.9,58.6,59.4,35.8,43.3,72,77.5,67.9
UC San Diego,53.4,52,37.2,34.5,14.5,23.7,25.8,25.2,67.6,54.2,48.5,35,37.4,6.3,10.3,53.6,48.4,49.9,46.5,68.4,72,69.6
Grambling St.,49.5,53.7,29.8,33.7,21.3,16,19,30.1,70.6,45.4,54.1,38.2,35.3,11.3,12,51.2,57.6,34.3,36.5,68.2,66.7,73.8
Texas Southern,43.8,55.7,29.1,41.1,17.7,16.1,25.4,37.4,72.3,42.2,54.6,31.4,37.9,9.3,12.3,56.6,67.1,33.6,49.7,71.6,73.1,75.1
Central Connecticut,49.5,50.3,21.8,21.1,17.8,18.7,25.7,26.5,66.2,52.2,51.7,29.6,32.2,11.9,6.2,50,55.8,34.5,42.7,65.6,72.6,69.4
VMI,47.6,56.9,33.6,26.7,17.4,18.5,26.8,32.6,68.8,48.8,63.1,30.7,33.8,7.5,10.2,53.2,76.6,44.3,49.3,68.7,75.8,66.9
Auburn,59.4,43.9,29.6,32.9,12.9,16.4,35.4,26.3,68.9,61.2,42.6,38,31.2,16.5,4.9,58.5,32.8,43.5,31.9,68.9,76.5,72
New Orleans,44.5,54.2,32.2,29.5,19.5,17.5,30.9,37.2,70.7,44.2,56.3,30.1,34.4,8,12.2,53.3,59.3,35.3,43.3,70.6,67,72.4
Idaho St.,43.5,49.5,36.1,36.1,18.9,16.5,39.4,23.7,67.4,45,48.6,27.4,34.1,14.9,13.1,51.7,59.2,39.7,37.7,66.2,74.6,76.3
Columbia,57.5,50.2,34.8,26.3,17.6,18.7,31.9,28.7,69.6,57.7,48.9,38.2,34.8,5.5,8.2,66.1,62.8,41,39,70.2,72.2,68.3
IU Indy,49.6,57.2,33.8,35.9,18.2,15.8,26.5,27.5,66.9,46.7,56.7,35,38.6,5,12.6,49.6,57.2,50.9,42.2,66.3,81.2,75.3
Western Carolina,43.8,54,20.2,32,24.5,17.2,28.5,26.9,74.1,47.6,55.6,26.6,34.5,7,13,47.3,58.1,49.8,42,73.5,64.6,73.2
Eastern Kentucky,49,53.8,21.6,37.2,16.3,21,33.1,35,68.9,48.5,55.8,33.1,33.5,9.8,11.1,49.6,48.1,43.7,35.8,69.4,68.5,69.3
Penn,44.3,51.8,35.6,24.5,17.5,15.5,30.6,35.5,64.6,46.8,47.6,27.5,39.4,4,10.1,54.5,55.3,44.9,37,65.7,65.8,75.3
South Carolina St.,47.6,51.9,38.4,48.9,18.6,22.1,32.4,33.5,70.1,48.9,56.6,30,30.2,10.5,10.3,56.4,60.3,32.2,41.4,68.8,66,69.6
Idaho,51.5,54.3,31.2,39.2,21.1,16.1,29.8,35.7,67.8,49.2,54.7,36.3,35.7,6.7,15.2,48.8,52.5,45.3,38.5,66.7,67.1,69.7
Stony Brook,45,58.4,31,27.9,19.2,16.3,29.6,33.1,66.2,44.8,62.1,30.2,35.4,4.7,8.6,50.9,60.3,39.9,40.9,67.8,73.7,64.2
Evansville,47.5,53.5,29.8,37.7,17.8,18.1,21.3,31,68.4,52.2,54,28.1,35.2,13.9,6.1,56.3,47.7,47,42.1,68.4,69.5,77.7
Saint Peter's,46.9,46.3,36.8,50.6,20.2,17.1,37.9,35.5,64.9,42.7,48,35.1,28.7,11.1,14.2,44.6,49.7,42,35,64.2,67.3,71
Virginia,51.4,46.4,26.6,22.9,19.8,16.1,24.5,28.6,61.5,47.6,45.6,37.6,31.6,14,8.8,64.6,51,42.3,44,61.3,73.5,70.7
UCF,48.8,48.9,40,28.2,16.3,19.8,35.1,32.5,71,48.8,47.2,32.5,34.3,12.6,7.6,58.6,50.2,39.2,40,70.7,76.1,70.9
Drexel,53,47.4,24.3,26.2,18.7,13.1,33.5,26.1,66.1,54.1,49.9,34.1,28.8,10.3,7,51,50.5,38.8,36.5,65.3,72.7,71.5
Charleston Southern,49.1,54.8,38.2,31.7,19.8,13,30.9,26.8,70.6,51.1,57.8,30.8,32.4,5.7,10.8,51.7,46.6,40.1,33.2,70.3,56.8,65.6
Northern Iowa,61.3,48.8,34.1,27.7,15.8,17.5,21.9,27.9,65.7,59.4,50.3,43,30.7,8.9,6.3,55.7,38.7,36.6,36.4,65.5,69.4,75
South Carolina,53.5,46.3,44.7,30.7,16.1,15.5,29.4,28.9,67.7,53.6,45.9,35.6,31.4,8.1,11.2,56.7,41.7,40.3,32,67.9,67.2,68.3
Lamar,49.1,47.8,31.5,38.7,19.3,18.1,35.3,33.5,68,47,49,35.7,30.5,15.6,10.5,54.1,56.3,32.1,38.9,66.6,70.2,67.8
Kentucky,57.2,45,31.6,23.5,13.1,13.9,31.5,24.8,73.8,58.7,47.6,36.7,27.5,13.3,6.4,59.1,44.9,42.1,41.1,73.3,72.3,69
Lafayette,47.6,49.6,33.3,38.4,16.3,17.7,26.3,33.9,66.6,44.6,50.6,34.6,32.1,9.3,7.7,61.2,54.6,41.4,37.7,67.4,72.8,72.6
VCU,52,43.1,37.6,37.1,18.1,22.3,31.5,29.6,67.7,55.4,43,32.5,28.8,15.2,6.2,59.9,40.7,51,30.8,68.8,69.5,69.4
Wisconsin,52.8,48.3,38.9,33.1,13.7,15.8,28.4,28.4,70.1,54.5,51,33.9,29.7,5.6,10.2,56.7,45.8,44.6,42.3,69.2,84.8,74.7
Alabama,54.9,46.8,42.1,32.8,16.9,14,35.7,28.8,75.2,61.5,47.8,31.8,30.1,10.2,10.2,56.5,41.5,48.1,36.4,74.6,72.5,72
Tennessee Tech,51.4,51.2,22.5,20.3,17.6,15.1,24,38.7,68.9,49.8,52.5,35.3,32.7,6.9,7.2,59.7,50.8,48.4,36.8,68.8,69.2,74.8
NJIT,44.2,47.1,27.5,39.2,19.5,14.2,27.1,36.7,65.6,44,48.7,29.7,29.2,11.7,10,45.6,48.6,39.9,32.9,66.3,76.6,65.1
North Alabama,50.3,54,23.9,27.9,14.4,19.7,29.1,29.5,68.4,50.8,57.3,32.9,33.2,7.8,8.8,42.2,57.6,37.9,43.5,69.6,69.1,66.9
Pepperdine,49.9,48.4,34.1,30.8,18,14.8,25.2,27.6,68.9,49.3,47.5,34,33.2,10,5.7,60.8,47.7,33.9,37.7,70.5,73.5,75.4
Cal Baptist,48.2,54.1,27.9,29.4,14.2,16.6,33.8,29.9,68.1,50.1,52.6,30,37.9,6.8,8.4,42.8,42.9,36.2,34.8,67,77.3,72.9
Dartmouth,48.3,54.3,31.4,27.7,16.1,15.9,21.1,24.6,71.6,47.4,57.3,32.9,33.1,4.8,8.8,57.4,49.7,49.1,39.1,71.9,70.9,70.4
La Salle,47.5,51.8,32.4,28.9,15.5,16.4,33.3,26.1,72.4,47.4,55.3,31.9,30.9,9,8.4,43.4,55.1,33.7,39.5,71.5,72.8,67.6
Tulsa,46.9,49.5,38.5,36,17.1,16.1,30.2,34.2,69.7,49.2,49.9,29.4,32.4,8.1,12.7,54.1,45,46,29.4,68.3,67.4,68.3
Incarnate Word,54.2,53.4,27.8,39.9,17,17.8,32.9,31.1,65.5,51.4,50.5,38.9,38.5,12.1,7.9,46.5,55,39.2,39.9,66.1,67.4,75.5
St. Thomas,57.5,52.2,30.6,35.8,16.4,18.6,22.6,32,70.6,56.8,54.4,38.9,32.8,8.8,10.4,53.7,56.6,45.5,41.8,69.1,77,69.4
Grand Canyon,49.6,53.2,42.3,33.5,18,21.5,30.8,26.6,73.3,51.4,53.6,31.1,35.1,9.8,9.7,55,45.6,37.2,34.1,73.6,74,77.8
Michigan St.,52.4,46.5,40.1,29.3,17.1,16.8,37.8,23.2,69.5,58,46.5,27.8,31,13.8,7.4,62.6,55.2,34,41.2,69.7,80.6,71.2
Cal St. Fullerton,44.8,51.7,39.7,38.9,20.2,17.3,26.3,34.1,65.2,47.7,55,25.7,31.9,5.1,9.1,43.4,55.9,31.3,45.5,65.9,76.1,71.6
Southeastern Louisia,49.5,49.6,27,35,21.1,19.3,27.9,29.5,69.3,49.7,53.1,32.6,30,7.8,10.1,51.4,54.1,33.8,43,69.1,73.4,66.7
UC Riverside,48.8,51.8,29.3,30.4,16.6,15.1,29.6,30.4,68.5,48.6,52.9,32.7,33.3,6.1,11.7,49,54.3,42.1,38.5,69,74,70.8
Clemson,53.2,49,30.1,29.3,15.6,21,34.7,29.4,66.6,50.8,49.4,37.9,32.4,10.5,7.2,51.1,46.7,39.1,40.7,65.9,75.8,70.2
Colorado,54.6,47.5,39.1,25.5,20.7,16,29.2,25.4,68.7,52.6,47.8,38.6,31.4,11,6.8,63.5,48.6,38.2,39.1,68.6,76.3,74.4
Coastal Carolina,52.3,44.5,35.8,46.1,18.6,10.2,27.2,24.3,64.9,51.9,47.5,35.3,25.3,3.9,10.4,50.4,35.1,39.4,31.4,64.3,67.6,71.9
North Carolina A&T,47,51.6,30.5,31.1,14.5,16.4,23.2,31.9,73.2,46,54.9,32.6,30.7,10.1,8,42.5,53.3,34.3,38,75.2,71.4,78
Washington,49.4,48.7,41.8,31.7,17.2,19.7,31.9,29.2,70,49.1,50,33.3,30.7,10.8,13.2,52.3,40.1,32,32.8,69.6,63,73.8
Colorado St.,51.8,48.9,27,34.8,16.9,18.8,24.3,26.3,68.7,55.9,45.8,30.7,35.9,10.4,8.7,58.9,49.8,42.2,38.3,68.9,75.1,67.3
UMBC,53.5,52.3,32.3,31.5,16.4,18.7,20.6,34.5,72.6,51.2,52.7,38.1,34.4,5.4,9.1,53.9,42.8,38.1,31.4,73,70.9,68.9
Louisiana Monroe,46,53.9,29.8,26.9,20.1,16.9,30.7,28.1,69.5,46.9,57.5,29.5,32.9,4.7,10.5,48.9,55.2,32.1,44.4,69.5,67.7,65.5
The Citadel,49.5,51.7,24.4,33.7,23,12.7,30,30.4,67.6,55.5,52.2,28.9,33.8,5.8,12,56.5,49,49.6,34.6,66.5,58.8,78
Hofstra,48.3,46,31.8,37.5,19.8,16.9,24.5,29.6,65,48.5,41.3,32.1,36.3,13.3,10.3,52.9,50.2,43.7,36.1,65.5,70,71.2
UMass Lowell,54.2,50.8,42.2,27.5,19.9,15.6,25.6,31.3,72.6,55.8,49.2,33.9,36.1,10.2,8.9,52.7,45.5,31.7,32,72.8,78.1,72.8
South Alabama,50.9,50.8,34.5,21.9,14.4,20.9,26.5,29.8,64.4,54.4,44.9,31.7,36.5,12.9,12.2,61.6,70.2,51.3,60.2,64.9,69.1,72.6
Butler,53.6,44.5,48.4,23.6,18.9,11.6,29.9,31,66.2,49.4,45.1,39.4,29,8.5,8.1,61.3,43,43.4,35.1,67.7,76.2,77.3
SIU Edwardsville,48.1,50.5,22.5,36.2,18.2,15.9,34.5,29.4,69.2,47.5,48.6,32.7,35.2,13.9,7.3,55.7,54.5,40.7,46.3,67.4,61.7,69.2
Northern Colorado,52.7,53.7,25.5,36.4,15,14.5,25,23.5,72.2,57.6,57.1,30.3,31.4,4.1,8.5,48.1,35.3,40.6,33.7,72.6,75.5,76
Iowa,58.1,50.1,25.5,22.1,13.7,21.7,26.3,33.6,73.9,58.6,55.1,38.2,27.7,13.4,7.7,61.3,47.9,42.6,37.1,72.1,67.8,67.1
Florida A&M,44.2,55.9,33,34.3,22.8,13.7,24.4,37.7,70.9,43,57.6,30.4,35.8,8,12.6,50,59.5,46.6,42.4,70.2,66.4,66.7
TCU,49.7,46.9,35.5,27.8,16.7,21.3,31.4,29.3,68.5,50,49.5,32.7,28.9,12.5,6.7,57,57.9,37.2,42.4,69,60.5,74.2
Middle Tennessee,51.1,47.5,32.9,37.5,17,15.9,33.5,30.7,70.3,53.2,51.2,31.4,27.6,10.5,8.8,42.1,52.6,34.8,37.1,70.1,73.2,73.7
Oregon,52.5,46,39.2,25.1,16.7,19.6,35.1,31.4,69.4,53.2,46.8,34.1,30,11.3,9.2,59.7,49.6,38,40.9,69.6,74.4,70.6
Harvard,49.1,51,25.1,23.7,18.9,17.2,25.7,30.4,67.9,52.3,52,29.9,32.9,8,10.8,54.1,51.9,42,37.6,68.5,74.3,77.5
Florida,54.7,43.9,32.3,26.6,15.2,18.7,40.3,28.5,71.6,58.2,44.5,33.6,28.5,12.9,8.1,50.6,39.7,44.8,34.4,70.8,72.7,73.6
Saint Joseph's,52.6,47.4,31.6,25.3,17.3,18.2,28.7,28.5,70,53.6,46.8,34.3,32.2,13.8,7.1,61.8,52,43.6,36.5,70.9,74.1,78
Saint Mary's,50.5,45.2,37.5,29.6,16.6,17.4,40.7,28.9,65.9,51.5,44.1,32.3,31.6,11,8.7,55.9,50.4,32.9,33,64.6,67.3,75.1
Texas A&M Corpus Chr,54.9,51.3,40.5,45.5,17.8,20.6,30.9,34.9,71.1,55.3,54.2,36,30.8,11.8,11.3,52.9,53.2,28.8,36.6,70.8,59.7,65.2
Ohio St.,57.1,44.2,34,35.5,15.7,16.4,28.2,28.6,69.8,54.9,45.1,40.6,28.5,10.8,10.7,52.4,41.3,37.8,39.8,69.1,68.9,75.6
Florida St.,51.6,45.1,45.3,41.5,18.6,22.7,31.7,31.8,72.3,53.5,49.5,31.9,26.5,17,8.1,51.7,46.4,34.2,45.5,72,70.8,69.9
Seton Hall,46.5,49.8,34.8,32.7,19.9,21.9,32.4,25.5,63.2,43.3,50.3,35.4,32.7,11.4,8.8,52.1,52.4,32.6,46.2,63.5,60.5,71.1
North Carolina,52.6,49.5,37.5,27.9,14.2,15.8,28.6,28.4,75.6,55.9,48,31.3,34.3,9.6,8.2,46.7,49,37.1,41.4,75.3,75,75
Houston Christian,47.4,56.2,31.1,30.3,16.9,18.4,26.5,30.7,65.9,49.7,60.2,29.7,32.1,7,12.2,44,44.4,43.4,33.5,65.7,70.1,75.8
Lehigh,51.2,54,30.2,33.9,14.9,11.9,18.8,33.6,67.2,50.5,54.3,34.9,35.7,3.5,10.5,55.8,49.8,38.5,35.3,68.1,65.9,72.6
Navy,45.5,53.7,31,40.9,15.8,18.4,34.4,32,68.4,45.4,54.6,30.4,34.9,7.4,12.8,53.5,49.2,40.9,39.3,69.9,75,75.3
Saint Francis,49.1,56.6,19.1,30.4,20.5,16.3,23.4,31.1,69.8,49.1,59.3,32.7,35.6,5.7,11.2,52.9,55.6,43.2,44.9,70.5,72.1,73.2
Santa Clara,51.9,49.7,31.3,35.9,17.9,18.9,34.8,30.2,69.5,52.5,48.9,34.1,33.9,10.5,10.1,54.6,54.5,44.8,41.3,69.6,76,67.7
Loyola Marymount,47.6,49,25.5,24.9,16.3,16,24.2,26.4,68.7,48.8,47,30.6,35.1,12.5,5.6,50,48.7,43.5,36,68.5,70.6,78.4
Delaware,53.8,48.4,37.1,33.3,17.6,15.9,22.8,34.7,72.5,50.2,47.2,39.3,33.8,9.3,6.6,48.1,43.4,41.6,33.4,72.5,78.5,70.1
Miami OH,52.4,56.1,21.5,34.8,17.5,21.7,26.6,25.9,68.7,54.7,58.2,32.9,35.6,11.1,12.9,44.7,53.7,42,45.3,69.8,69.6,68.7
New Mexico,50,51.8,41,36.9,15.6,21.8,34.2,29.1,75.4,49.1,48.5,34.6,38,15.5,8.4,56.5,59.9,32.3,38.1,75.1,66.3,64.5
Coppin St.,39.3,57.2,32.1,37.4,20.6,17.5,24.9,34.1,67.1,40.5,61.2,24.4,35,3.3,14.9,46.6,59.2,29.5,45.5,68.7,65.7,68.9
Temple,47.8,45.6,43.5,31,15,15.2,31.3,33.3,69.6,49,45.3,30.2,30.8,9.9,11.2,39.8,52.4,32.8,39.6,69.7,70.6,70.4
Monmouth,42.9,55.3,35.3,45.8,18.1,17.8,31.6,31.9,69,38.2,56.8,34.2,35.4,8.1,11.1,48.3,60.1,36.1,40.7,69,74.7,68.2
Southern,46.7,53.8,31.3,40.3,20,20.2,32.1,33.5,70.8,46.3,54.6,31.7,35.3,14,15.5,49.7,64.4,32.9,47.9,70.1,64.4,66.3
Southern Miss,47.6,52.9,35.7,32.1,21.2,16.4,28.5,30.4,71.8,49.6,54.6,29.8,33.5,13.9,10.6,60.4,49.7,39.2,37.9,71.4,67.8,70.6
California,54.8,54,41.3,33.8,19.3,16.8,38,27.4,70.2,53.4,53.2,38.1,36.9,10.8,10.9,40.5,45.9,38.6,36.8,70.6,73.9,67.3
Georgia St.,46.2,53.5,38.5,33.5,19.5,13.5,33,28.5,71.3,45.5,57.4,31.7,31.9,5.8,8,44.4,55,32.2,41.4,71.9,68.1,72.1
Miami FL,56.6,53.7,28.2,29.5,15.4,14.3,30.8,27.2,66.2,61.8,53,33.2,36.4,8.1,8.5,46.1,51.9,43.2,41,66.6,79.6,72
Georgia,56.4,44.1,42.2,25.2,20.3,18.1,40.8,27.3,69.8,59.6,46.2,34,27.3,17.8,6.5,56.2,44.2,37.5,40.6,68,73.6,75.7
North Dakota,46.8,55.7,31.5,30.6,18.7,14.7,36.3,29.2,70.1,46.6,56.6,31.3,36.1,6.9,11.3,41.4,48.7,41.5,37.7,69.1,66.4,72.5
Saint Louis,55.9,51.4,34.8,25.2,17.8,14.4,26.8,27.8,69.6,58.4,49.3,35.5,36.3,5,12.3,57.5,41.7,48.2,39,68.8,64.5,74.1
Arizona St.,54.2,47.3,41.4,25.6,17.5,15.8,26,27.7,72.1,51.7,48.3,38.4,30.6,14.5,10.1,53.2,51.1,42.8,40.5,70,70,73.6
Purdue Fort Wayne,56.9,54,32,28.7,13.7,20.3,26.5,32.8,71.1,55.4,56,39.1,34.2,7,9.4,51.3,54.9,46,41.5,71.1,74.8,76.6
Iona,43.8,55.4,35.1,41.2,24.1,22.9,41.1,30.4,69.9,43.1,55.8,30.2,36.7,8.4,11,45.1,54.4,33.7,44.7,70.3,64.5,71.5
Stetson,49.1,53.6,31.1,28.4,20.3,13.2,25.9,35.4,70.5,48.3,51.1,33.6,38.7,7.4,7.7,46.5,52.1,39.2,36.1,69.9,69.8,75.4
Marshall,49.3,50.2,41,49.2,16.5,18.5,29.3,27,72.1,54.7,50.3,28.5,33.3,10,8.5,51.4,44.4,44.6,31,71.7,67.8,73.1
Eastern Michigan,49.5,55.1,34,35.5,17.9,19.8,27.4,33.8,68.6,49.8,53.1,32.7,38.7,8.8,9.4,51.3,55.1,38.4,40.8,70.1,67.6,72.8
Niagara,50.1,53.2,30.7,25.6,16.9,14.4,21,27.5,63.3,48.9,51.9,34.3,36.6,5.9,9.6,51.4,60.5,47,43.5,64.4,75.3,80.7
Campbell,47.5,55.6,35.9,33,17.7,18.9,22.6,25.4,67.1,48.7,58.6,30.7,33.3,8.3,10.3,51.6,53.6,44.2,34.7,67.6,79.8,65
Mercer,51.2,51.8,27.1,34.6,18.2,18.7,28.9,30.2,71.2,55.4,53,30.2,33.5,8.3,9.8,47,52,42,42.7,71.1,70.4,75.7
Lindenwood,44.9,55.6,28.7,33.7,18.6,19.1,30.2,30.8,69.3,47.5,55.5,26.7,37.1,8.9,12.5,40.3,59.5,36.1,46,69.4,67.9,74.7
St. Bonaventure,51.5,45.7,35.3,25.5,17.5,21.1,32.4,28.6,66.3,54.5,46.1,30.7,30.1,13.7,7.3,41.7,50.8,35.5,45.1,66.6,72.4,70.5
Oregon St.,55.5,43.6,33.3,28,19.1,19.6,34,25.2,65.2,54.6,43.6,38,29,12,6.3,59.7,54.1,38.2,43.3,66.1,79.8,64.7
Lipscomb,51.7,49.4,22.1,18.5,16.6,18.4,25.1,26.2,70.5,53.9,49.6,32.6,32.7,7.3,12.1,58.4,40.3,43.5,35.8,69.1,77.2,62.3
Kennesaw St.,50,46.2,45,42.4,22.6,15.9,33,34.5,71.9,49.8,49,33.5,27.7,10,9.8,54,55,45.2,37,72.3,75.7,72.9
James Madison,52.6,52.5,27.9,36.5,17.9,15.1,33.2,25.9,66,50.7,54.6,36.5,32.3,8.3,8.9,54.3,41.9,47.4,34.4,66.8,72.7,66.2
Georgetown,52.5,46.8,23.2,24.2,17.2,22.4,34.4,27.3,69.7,56.2,43.8,30.8,34.3,12.1,6.4,55.9,55.6,36.6,39.4,69.9,75,77
USC Upstate,48.4,57,34.2,39.5,20.1,15.5,26.3,30.3,74.1,52.8,59.8,26.4,35.2,6.9,6.9,44.9,53.1,33.1,40.4,74.9,66.8,70.4
Morgan St.,49.1,55.4,30.4,44.5,18.9,16.1,31.7,32.3,72.6,51.4,54.4,26.6,38,10.7,5.7,41.6,55.9,20.1,37.1,72.4,66.8,72.5
New Hampshire,45.6,53.1,27.2,34.4,21,16.8,25.1,32.6,68.7,44.8,56.2,31.3,32.5,8.2,13.3,55.1,57.1,39,42.1,68.9,65.3,70.1
Iowa St.,56.7,47.6,40,25.9,13.3,23,33.8,25.1,70.8,59.1,47.1,35.1,32.2,8.9,6.5,56.9,55.7,36.5,42.4,71.6,75.7,76.7
Alcorn St.,40.5,58.3,24.7,33,21.6,17.1,33,35.9,67.4,37.1,60.8,31.9,37.5,10.5,13.6,50,71.8,31.8,54.3,66.9,68.1,77.1
Purdue,57.3,49.5,41.4,28,18.4,16.8,29.5,30.3,67.2,55.5,51.2,40.1,31.5,6.8,8.7,65.2,56.4,39.5,42.5,66.1,72.4,76.7
Drake,54.6,50,49.5,40.6,22.4,22,37.1,24.1,63.2,55.7,53.4,35.3,29.7,7.7,6.8,58.1,48.5,39.2,38.7,62.8,72,70.3
Mississippi St.,53.8,49.2,32.8,35,12.8,20.6,35.8,27.7,69.7,55.6,45.6,34.1,36.3,12.1,7.6,58,55.1,40.8,40.5,68.8,68.7,66.8
Holy Cross,50.9,54.6,22.4,24.9,17.9,15.3,23.9,28.4,65.5,46.5,58.2,37.8,32.9,7,8.5,48.1,54.2,43,40.9,66,75,75
Houston,52.1,40.9,27.4,38,14.6,21.9,38,28.2,63.7,47.7,38.6,40.6,29.2,18.6,7,48.4,54.5,33.4,45.4,63.6,73.5,70.3
Hampton,43.2,54,30.3,44.4,15.8,20,33.8,32.4,65.6,41.7,54.7,30.4,35.3,9.4,10.5,42.5,57,38.4,40.5,65.7,77.9,66.1
Western Michigan,45.8,55.5,30.9,30,14.3,13.5,35,23.1,66.7,47,54.7,28.6,37.7,6.5,10.9,39.6,61.2,28,46.2,67.7,69.4,72.9
New Mexico St.,47,48,35.4,46.8,18.6,12.9,34,30.7,68.8,45.6,48,32.9,32.1,7.1,10.9,43.3,59,37.1,40.4,68.4,66.5,69.5
Ball St.,48.1,51.4,47.6,41.4,15.1,14.7,20.8,31.8,67.9,48.2,49.8,32.1,35.9,4,6.5,47.8,58.9,42.7,39.7,67.7,68.8,74.6
Milwaukee,52.9,51.8,36.8,31.1,20.8,17.8,41.9,26,70.7,54.1,51.9,33.6,34.6,8.7,9.5,44.2,52.7,33.3,37.9,70.5,64.2,70.3
Portland,47.7,53.2,34.6,20.6,19.6,12.2,20.4,26.6,69.4,48.3,53.9,31.3,34.9,7.8,6.3,57.2,57,43.9,46.2,70.8,74.7,70.8
Albany,49,58.3,29,41.6,14.1,22.1,29,30.3,69.3,49.9,60.2,31.6,36.6,3,10,43.9,54.8,35.7,35.5,70.2,75.8,71.3
Tarleton St.,46.8,54.4,37,43.1,29.2,21.9,26.2,38.9,68.2,43.2,53.4,38,37,9.9,12.7,43.8,59.1,26.1,46.6,66.6,68.6,71.5
San Francisco,55.4,45.7,35.8,27.5,19.3,21.1,29.9,26.5,69.7,56,43.7,36.4,32.6,11.3,8.4,54.5,44,42.4,38.1,69.5,69.5,70.5
Bucknell,49.4,48.9,41.1,35.4,20.1,17.4,25.9,31.2,68.7,53,48.6,29.9,33,10.1,12,53.9,51,44,39.1,69.4,62.9,67.8
Connecticut,57.9,48,33.5,43.1,14.7,18,35.7,24.8,66.1,62,42.7,35.3,39.2,20,5.9,67.3,41.7,45.7,32.9,65.8,78.7,70.4
Southern Indiana,52.4,51.9,34.6,41.5,17.8,17.7,26.8,32.1,69.4,48.2,53,41.8,33.5,7.1,7.6,42.5,45.1,29,40.5,67.2,75,69.9
Florida Gulf Coast,51.6,50.6,18.1,31.4,17.2,15.7,25.6,30.7,64.3,53.1,51.5,33.1,33,6.7,9.3,46.6,53.2,43.2,44.2,65.2,68.1,71.1
San Jose St.,50.4,54,38.4,32.3,16.1,16.3,28.4,28.4,66.3,49,56.1,35.2,33.6,6.8,7.7,45.3,53.7,34.6,37.3,66.3,75.7,72.1
Utah Valley,49.2,49.9,36.7,34.2,17.8,16.1,30.3,24.4,69.9,51.5,46,29.7,37.8,13.1,9.8,52.1,50.5,33.1,36.3,70.7,68.9,72.8
Missouri,59.7,46.9,52.2,25.6,15,23.2,35.2,33.6,70.1,61.8,45.1,37.8,33.2,11.7,7.3,48.1,48.9,40.8,37.8,69.6,71.4,78.2
Cincinnati,57.4,42.2,23.6,23.4,14.2,18.4,36.2,27.8,67.1,57.8,42,37.9,28.5,13.4,5.5,55.5,47.7,37.7,32.5,66.3,62.1,71.8
South Dakota St.,52.4,49.6,29.4,30.1,18.3,14.5,31.1,20.9,69.6,54.7,52.5,32.7,31,8.1,6.6,51.2,54,41.7,48.1,70.4,77.6,75.3
Boston University,50.5,50,30.4,29,22.6,16.4,33,24.3,65.2,50.3,48.4,33.7,35,9.4,10.9,53.2,52.9,46.2,39,64.8,64.5,76.4
Air Force,55.1,51.6,39.2,32.2,19.2,16.6,22.4,28.5,64,57.6,50.7,34.8,35.5,9.8,8.7,63.4,49.6,46.8,36.7,64.1,62.7,71.5
Bradley,59.5,47.5,32.8,33.4,18.8,16.8,26.7,29.1,68.5,52.2,47.9,46.7,31.3,11.1,8.6,58.4,44,41,38.7,67.3,73.3,74
Troy,50.4,51.3,35.4,23.9,23.7,20.8,38,32.7,68.4,54,49.9,29.6,36,8.7,12.5,56.7,53.6,37.8,36.1,68,74.6,71.2
Gonzaga,55.7,45.8,34.9,28.8,13.2,16.7,33.6,24.1,71.2,57.5,51.1,34.9,25.2,8.4,9.9,60.6,48.2,34.2,39.9,71.4,81.7,75.9
South Florida,51.2,50.9,36,35.3,18.4,16.3,29.5,29.2,71.2,53.2,53.4,32.2,31,8.1,9.5,54.9,56.9,41.1,36.2,69.7,74.9,78.1
Stonehill,50.7,50.4,28.3,34.5,18.6,18,22.6,35.5,67.3,44.6,51.4,38.8,32.3,8,15.8,63,38.5,44.4,35.3,66.6,69.6,73.3
Loyola MD,48.6,49.7,28.1,34.4,19.2,18.2,31.9,30.3,68.5,51.7,51.3,29.8,31,6,7.9,51.5,52.5,43.6,34.6,68.5,75,73.9
Belmont,56.3,54.6,25.4,23.4,15.4,18.1,28.3,26.1,71.9,56.6,52.4,37.2,38.3,10,9.1,56.8,55.7,43.3,43.4,72.7,69.8,74.5
Siena,47.9,51.5,34.9,33.4,19.7,18.1,29.9,29.5,64.8,46,50.5,33.7,35.5,12.9,9.7,49.2,47.6,41.9,35.2,65.2,71,74
Southern Utah,50,49.1,37.7,31.4,21.3,14.7,29.7,33.4,70.9,52,49.7,31.2,31.6,8.3,8.2,51.4,53,38.6,27.5,70.2,72.9,70.9
N.C. State,50.7,47.6,37.5,32.5,14.8,21.7,30.2,33.6,66.4,52.2,50.3,31.7,28.6,12.1,6.7,49.3,49,31.4,36.1,66.3,68.9,74.7
Pittsburgh,54.9,46.3,33.9,27.6,14.3,18.6,30.4,28.8,69.1,58.3,47.2,33.5,29.8,12.2,7.8,49.2,44.4,41.6,37,69.9,76.8,67.8
Furman,52.9,47.1,31,27.6,18.8,17.1,27,31.3,66.2,55.8,51,33.5,26.5,10.4,12.9,65.7,50,52.4,34.4,66.1,67.8,70.3
Massachusetts,46.4,49.8,37.6,35.6,15.8,18.2,33.9,31.5,72.3,50.5,49.2,25.5,33.9,14.2,8.4,49.2,57.6,33.6,38,72.8,64.3,73.9
Mount St. Mary's,47.8,50.3,37.7,31.7,20.4,17.2,32.3,30.2,69.4,48.5,54.1,31.2,29.7,7,9.4,59.3,47.4,37.7,38.9,69.3,74.8,72.4
Bryant,50.6,49.9,36.9,32.7,18.5,16.9,34.1,32.5,74.5,47.9,49.8,37.4,33.3,11.8,5.6,45.5,42.7,32.8,35.1,74.7,71.1,75.3
Syracuse,50.8,52.7,38,30.7,14.2,13.1,29.4,23.2,70.9,55,56.3,27.1,32,7.8,6.2,50.7,49.1,29.2,42.6,71,69.8,70.8
Jacksonville St.,53.3,50.6,31.8,27,16.7,10.4,30.8,24.6,65.4,52.2,46.2,36.8,37.2,8.3,11,42.3,53.7,36.8,46.8,66.6,75.6,69.2
McNeese St.,49.7,49.9,39.7,42.1,17.8,20.5,30.2,32.1,65.9,53.2,47.3,29.3,34.9,11.7,8.2,39.8,60.5,37.9,51.2,66.1,71.5,75.1
Quinnipiac,46.1,51.4,27.5,30,17.1,18.7,31.3,33.1,71,51.5,49.2,25.5,36.5,11.4,10.8,43.9,60.7,40.4,39.4,71.1,74.9,72.7
Rhode Island,53.8,44.7,45.8,28.3,16.1,16.1,29.6,26.9,72.3,53.9,47.2,35.8,26.8,10.5,11.3,56.2,51.4,36.5,36.4,73.7,70.8,71
High Point,54.5,47.2,43.2,31.9,17.3,17.2,29.9,33.3,65.1,55.4,44.9,35.5,34.4,8.2,8.2,49.8,40.9,40.4,33.9,66.2,77.7,71
Sam Houston St.,52,56,34.2,34.2,18.1,19.5,33.7,34.9,69.4,46.8,56.3,40.3,37,7,8.2,55.9,58.8,37.8,39.7,70.8,70.3,68.7
East Tennessee St.,51.8,50.4,28.3,37.9,15.4,18.5,36.2,28.9,68.2,51.1,53.4,35.3,30.1,8.6,10.7,50,47.4,40.3,37.5,68.4,59.9,64.9
Duquesne,47.2,49.1,34.8,38,19.3,19.5,34.5,31.3,65.6,46.1,45.2,32.6,37.2,11.8,9.8,53.4,51,42.3,36.9,65.8,62.8,72.3
Virginia Tech,50.2,50.9,34.2,34.2,21.6,19.2,37,29.1,68.3,49.3,56.1,34.2,29.7,6.6,11.1,54.8,51.9,41.1,45.2,65.4,72.4,72.7
North Carolina Centr,48.7,56.7,35.1,46.8,19.3,23.2,31.9,41.7,68.8,48.7,63.4,32.6,30.3,4.1,7.8,50.7,47.7,34.8,37.1,67.8,74.1,70.9
North Dakota St.,59.1,49.6,25.7,25.6,16.7,9.2,24.6,27.4,65.8,54.6,53.6,41.9,28.2,5.1,9.6,57.4,41.9,55,35.3,65.8,76.4,69.1
Northwestern St.,49.8,51.8,24.7,35.9,19.6,17.4,31,30.9,64.9,48.1,50.5,35.4,35.8,13.9,10.4,53.8,46.4,34.3,40.9,65.4,61.9,72.6
Fairfield,46,54.9,27.3,33.9,14.5,17.5,32.2,32.4,66.8,45.7,55.5,30.9,35.9,8,10.1,50.4,53.1,35.6,33,67.5,68.6,77.8
Arkansas,57.8,48.2,29.8,23.1,17.6,20.8,27.5,22.7,71.4,58.9,49.9,37.2,30.7,15.4,5.9,52.1,47.2,36.9,44.2,71,71,70.9
Cal St. Bakersfield,49,51.8,29.4,46.8,19.4,17.6,36.3,26.9,66.2,45.8,52.7,39.3,33.8,10.3,9.1,36.6,54.7,24.1,44.2,65.2,76,78.4
George Washington,52.7,47.1,46.4,27.1,17.2,19.9,32.1,31.8,68.5,56.6,48.1,31.7,30.4,7.9,9.7,53.9,50.7,43.5,38.1,69.4,72.1,72.2
UNC Asheville,50.3,52.4,32.3,36.9,17.6,16.6,32.6,32.9,70.3,49.1,57.2,35.1,30.4,9.4,6,46.2,53.6,34.5,42,67.6,68.7,68.8
Dayton,56.8,49.4,40.3,29.9,13.1,16.1,29.5,24.6,65.9,58.2,50.1,36.5,32.2,8.8,7,64.3,47.4,41,37.7,65.9,72.2,76.2
Stephen F. Austin,45.1,47.1,32.9,39.1,26.9,21.7,40.1,31.8,66.1,48,48.1,26.1,30.4,11.4,10.3,47.5,53.7,32.9,39.1,65.7,56.5,63.4
Arkansas St.,46.2,46.2,41,41.8,17.2,18.4,32.9,30.8,73,48.3,45.9,29,31.1,12.1,10.5,44.1,51.3,44.7,38,71.6,69.4,66.7
Army,49.9,53.5,25.2,23.5,14.4,12.1,29.5,28.8,68.9,51.3,52.8,31.9,36.3,5.5,9.4,55.4,58.1,40.1,43.6,68.2,69.4,75
Oakland,45,52.3,25.9,25.9,16.1,15.7,27.3,31,63.6,48.7,50.6,26.5,36.7,7.4,11.6,44.1,65,40.9,39.9,62.5,59.8,73.5
Southeast Missouri S,47.9,48.9,23,46.3,15.7,18,22.8,32.1,71.3,47.8,52.3,32,29.1,7,9.1,42.4,45.8,36.3,38.8,72.2,64.3,71.9
Binghamton,52.2,48.2,32.8,35.5,21.3,12.9,24.2,30.8,65.1,49.4,50.3,37.7,30.1,8.6,12.6,59.4,48.4,39.1,41.7,65.8,67.3,78.8
George Mason,51.1,42.2,45.3,30.4,21.1,18,35.9,32.8,66.7,53.4,42.2,31.3,28.1,6.6,6.9,50.6,51.9,35.9,44.4,67.6,72.8,74.9
Old Dominion,45.1,54,25.2,40.4,19,15.6,34.8,34.4,70,46,53.8,29,36.1,7.7,9.5,42.8,51.2,34,34.1,70,61.5,66.9
Green Bay,52.7,55.1,33.1,30.8,18.6,16.3,16.7,35.5,71.4,55.5,55.2,33.4,36.7,5.2,14.3,52.6,50.8,51.3,42,72.5,80.7,68.8
UNC Greensboro,46.7,46.6,29.5,29.8,16.8,15.8,33.5,30.5,65.6,44.1,47.8,33.3,29.7,8.6,8.8,56.3,53,43.8,38.4,65.3,73.7,74.5
Little Rock,47,45.4,30.9,42.7,21.7,21.6,28.2,38.4,70.2,45,47.4,33.9,28.9,17.9,8.9,57.3,59.6,34.7,49.5,68.2,66.3,72.7
Austin Peay,44.5,52.4,33.4,36.2,18.4,19.6,26,33.2,65.3,44.6,52.8,29.5,34.5,7.8,11.7,45.7,56.7,38.7,37.7,64.7,66.9,72.3
Rutgers,51.9,50.4,41.6,28.8,15.7,17.2,29.6,30.2,70.5,52.4,50.5,33.9,33.6,8.3,7.7,49.5,47.3,33.7,37.6,71.4,71,67.9
Detroit Mercy,46.4,53.7,29.4,37.2,18.9,16.1,33,26.3,68.3,42.3,55.9,38.1,34.3,7.6,9.4,44.3,59.7,27.9,48.7,68.4,70,68.6
Nicholls St.,44.1,49.6,26.2,40.8,15.1,14.9,29.9,30.2,70.1,43,53.2,30.6,29.7,9.4,12.9,44.3,54.5,39.9,41.7,70.3,63.8,73.3
Sacramento St.,46.5,52.2,31.5,41.9,22,17.5,27.3,27.8,66.2,47.3,54.6,30.4,32.9,7.1,9.6,52.6,57.4,47.1,47.2,66.1,67.1,71.9
William & Mary,54.5,55.1,36.4,40.4,18.4,16.8,30.3,31.5,72.9,59.4,55.7,33.4,36.1,6.2,10,58.4,48.3,53.3,40.4,73.1,77,70.3
Colgate,49.8,53.9,16.9,27,15.7,16.5,20.3,30.3,65.9,51.3,53.7,32.1,36,5.6,12.4,52,56.4,46.6,40.6,66.1,70.1,72.7
USC,53.4,49.6,38.9,34.4,16.2,19.6,25.4,29.6,69,54.5,49.6,34.2,32.9,9.1,8.7,59.2,59.1,33.2,37.9,68.9,75.8,74.5
Merrimack,47.2,48.1,26.6,35.6,15.4,20.3,21.1,36,65.1,48.6,47.5,30.1,32.7,9.6,9.9,44.5,59.8,40.6,40.5,65.7,75.6,70.9
UNLV,51.2,51.3,36.7,34.9,15.9,19.4,27.8,33.2,66.5,47.6,50.1,38.3,35.3,11.6,7,51.2,61.1,36.2,39.6,66.5,74,71.8
Illinois St.,57,51.9,32.7,28,16.4,15.6,24.4,24.4,67.5,55.4,52.5,39.2,34.1,4.9,9.9,53,49.6,45.2,45,66.8,79.6,74.1
Manhattan,49,52.5,30.1,25.8,17.2,15.1,31.6,31.4,69.1,48.4,51.5,33.2,36.2,6.3,11,55.9,53.9,41.5,35.1,70.8,75,70.8
Princeton,54.2,52,32.1,32.6,15,18.5,23.8,27.1,68.3,51.7,53.1,38.1,33.7,4.2,13.2,57.4,52.5,46.9,42.2,68.8,68.7,71.8
Utah,57.7,43.4,36.2,31.2,15.2,19.3,34.7,25.9,71.1,58.1,41.2,38.2,31,10.7,12.5,69.1,52.8,47.4,41.1,72.5,64.2,70.1
Louisiana Tech,56.4,46.9,32.5,27.7,19.6,16.8,29.3,32.5,67.5,56.1,48.1,38,30,14.3,8.7,58.9,54.2,39.2,40.3,65.8,75.4,65.7
Youngstown St.,45.6,47.1,35.3,39.2,16.6,19,28.1,32.6,69.6,49.3,46.4,27.1,32.6,13.5,10.7,47.1,47.6,43.4,29.2,69.8,69.2,68.9
Jacksonville,48.1,53.4,27.1,36.6,22.5,19.8,34.1,31.3,70.5,45.5,54.3,35,34.5,13.4,11.4,51.1,54.9,38.3,38.3,71,67.8,63.4
Tennessee St.,48,53.8,36.2,38,20.2,16.9,34.9,31.1,74.6,51.9,53.2,26.4,36.6,7.4,7.7,38.7,49,31.7,36.4,73.3,61.3,69.6
Stanford,51.9,48.9,36.9,35.7,14.1,18.8,33.9,26.2,69,52.7,49.9,33.9,31.4,11.7,6.4,56,36.5,41.1,33.9,68.1,74.4,76.1
Longwood,48.5,53.1,44.6,34.9,19,23.7,33.8,31.5,69.9,53.3,56.6,27.1,31.3,8.3,8.8,50,44.2,37.7,35.4,69.8,74.7,66.1
Sacred Heart,50.5,51.7,25.6,33.9,18.3,17.9,27.6,29.4,70,46.8,51.7,37.4,34.5,8.6,12.4,53.7,65.6,39.9,45.6,70.8,74.4,72.5
Western Kentucky,50.4,43.5,37.1,39.7,16.5,17.7,23.2,26.4,75.5,49.2,45.9,34.9,26.9,8.5,12,43.7,55.3,38.1,43.4,73.7,72.9,75.8
UT Arlington,53.6,48.4,36.4,42.4,18.3,15.5,32.9,32.1,70.4,48.6,49.5,39.9,30.9,7.4,11.1,55.6,55.6,44.3,34.7,70.8,69.3,73.1
Fordham,49.3,51.7,32.2,34.5,19,18.8,30.9,27.8,72.3,49.9,50.7,32.2,36,7.3,8.6,51.7,55.5,40.7,30.4,71.9,70.4,69.5
Alabama St.,48,53.9,31.1,42,12.7,16.4,23.7,35.2,71.5,44.1,54.2,35.1,35.7,7.7,9,45.4,55.3,45.7,43.6,71.2,71.9,69.8
Wichita St.,49.7,49.6,39.3,25.4,14,16,25.4,29.6,71.5,51.8,50.2,30.2,32.6,12,10,47.5,58.2,32,42.7,72.4,72.3,59.7
Texas Tech,59.4,46.9,28.5,30.7,16.4,20.9,36.6,27.5,68.4,59.2,43.8,39.8,34.6,8.9,6.8,59.4,47.3,40.9,38.1,67.4,78.4,65.7
Boise St.,51.1,46.6,43.1,26,15.7,15.6,33.7,23.4,68,54.3,48,30.4,29.5,7.2,10.1,57.9,40,37.5,37.5,69,78.5,71
